Name,Price,Kms_driven,Fuel_type,Year,Company
Ford Figo Duratec Petrol EXI 1.2 - 2015,"3,80,000","35,056 kms ",Petrol,2015,Ford
Maruti Suzuki Wagon R VXI BS IV - 2016,"4,65,000","44,000 kms ",Petrol,2016,Maruti
Hyundai Creta 1.6 SX PLUS AUTO PETROL - 2018,"13,50,000","42,917 kms ",Petrol,2018,Hyundai
Hyundai Venue - 2019,"10,19,699","16,112 kms ",Petrol,2019,Hyundai
Honda Jazz - 2017,"7,13,499","30,988 kms ",Petrol,2017,Honda
Hyundai i20 - 2013,"3,91,099","69,163 kms ",Diesel,2013,Hyundai
Maruti Suzuki Swift Dzire VXi 1.2 BS IV - 2015,"4,74,299","42,859 kms ",Petrol,2015,Maruti
Toyota Corolla Altis VL AT - 2017,"12,52,999","34,919 kms ",Petrol,2017,Toyota
Honda Amaze - 2013,"3,93,699","44,940 kms ",Petrol,2013,Honda
Hyundai Elite i20 Asta 1.2 - 2017,"7,30,899","13,687 kms ",Petrol,2017,Hyundai
Maruti Suzuki Alto 800 Vxi O  - 2018,"3,43,099","29,848 kms ",Petrol,2018,Maruti
Honda Jazz - 2018,"7,07,599","21,426 kms ",Petrol,2018,Honda
Maruti Suzuki Baleno - 2016,"6,88,899","68,177 kms ",Diesel,2016,Maruti
Jeep Compass - 2017,"14,21,599","70,650 kms ",Diesel,2017,Jeep
Maruti Suzuki Alto K10 Vxi O AMT - 2017,"3,99,999","25,730 kms ",Petrol,2017,Maruti
Kia Seltos - 2019,"14,73,299","47,096 kms ",Petrol,2019,Kia
Toyota Innova 2.5 VX BS III 7 STR - 2012,"10,25,000","1,31,000 kms ",Diesel,2012,Toyota
Hyundai Elite i20 ASTA 1.2 O  - 2016,"7,35,000","26,000 kms ",Petrol,2016,Hyundai
Hyundai Creta 1.6 CRDI SX PLUS AUTO - 2019,"6,00,000","58,460 kms ",Diesel,2019,Hyundai
Kia Seltos - 2020,"8,00,000","48,000 kms ",Petrol,2020,Kia
Maruti Suzuki Ciaz DELTA 1.4 VVT - 2017,"7,00,000","26,600 kms ",Petrol,2017,Maruti
Ford EcoSport Titanium 1.5L Ti VCT - 2019,"8,20,000","36,000 kms ",Petrol,2019,Ford
Tata Nano Twist XT - 2014,"1,95,000","39,500 kms ",Petrol,2014,Tata
Audi Q7 3.0 TDI quattro Premium Plus - 2011,"18,50,000","76,000 kms ",Diesel,2011,Audi
Ford Ecosport - 2017,"8,07,499","23,698 kms ",Petrol,2017,Ford
Hyundai Grand i10 - 2016,"5,22,999","37,860 kms ",Petrol,2016,Hyundai
Maruti Suzuki Swift Dzire VXi 1.2 BS IV - 2015,"4,74,299","91,830 kms ",Petrol,2015,Maruti
Hyundai Elite i20 - 2019,"7,40,899","31,172 kms ",Petrol,2019,Hyundai
Toyota Yaris - 2021,"11,41,999","3,243 kms ",Petrol,2021,Toyota
Tata Nexon - 2020,"9,71,299","9,616 kms ",Petrol,2020,Tata
Maruti Suzuki Baleno - 2017,"6,40,999","30,249 kms ",Petrol,2017,Maruti
Maruti Suzuki Baleno - 2019,"6,76,199","60,875 kms ",Petrol,2019,Maruti
Maruti Suzuki Swift Vxi - 2017,"5,62,399","25,740 kms ",Petrol,2017,Maruti
Ford Ecosport 1.0 Ecoboost Titanium Optional - 2014,"5,80,899","38,587 kms ",Petrol,2014,Ford
Renault Triber - 2021,"7,70,999","3,108 kms ",Petrol,2021,Renault
Honda Amaze - 2016,"5,31,399","35,353 kms ",Petrol,2016,Honda
Hyundai EON Magna Plus - 2017,"3,67,299","34,748 kms ",Petrol,2017,Hyundai
Maruti Suzuki Alto Lxi - 2020,"4,12,199","2,359 kms ",Petrol,2020,Maruti
Hyundai Creta S CRDi - 2020,"14,60,099","17,814 kms ",Diesel,2020,Hyundai
Maruti Suzuki Baleno - 2018,"6,18,699","68,934 kms ",Petrol,2018,Maruti
Hyundai i20 Asta 1.2 - 2014,"4,85,000","72,600 kms ",Petrol,2014,Hyundai
BMW 3 Series 320d Corporate Edition - 2010,"8,90,000","81,000 kms ",Diesel,2010,BMW
Nissan Micra XV Diesel - 2012,"2,45,000","80,000 kms ",Diesel,2012,Nissan
Toyota Glanza V CVT - 2020,"9,45,000","12,000 kms ",Petrol,2020,Toyota
Maruti Suzuki Swift LXi 1.2 BS IV - 2016,"5,90,000","6,000 kms ",Petrol,2016,Maruti
Honda Brio S MT - 2017,"4,95,000","56,000 kms ",Petrol,2017,Honda
Maruti Suzuki Wagon R VXi BS III - 2017,"4,75,000","56,000 kms ",Petrol,2017,Maruti
MG Motors Hector - 2020,"12,00,000","36,000 kms ",Diesel,2020,MG
Maruti Suzuki Wagon R 1.0 Vxi - 2017,"4,90,199","15,840 kms ",Petrol,2017,Maruti
Maruti Suzuki Baleno - 2018,"6,18,699","68,934 kms ",Petrol,2018,Maruti
Maruti Suzuki Vitara Brezza Zdi Plus - 2017,"9,20,999","32,482 kms ",Diesel,2017,Maruti
Honda City - 2014,"5,54,399","1,13,779 kms ",Diesel,2014,Honda
Maruti Suzuki Wagon R 1.0 Lxi - 2017,"4,08,999","26,150 kms ",Petrol,2017,Maruti
Mahindra XUV 500 - 2018,"12,48,299","34,555 kms ",Diesel,2018,Mahindra
Maruti Suzuki Baleno - 2018,"6,36,099","30,880 kms ",Petrol,2018,Maruti
Hyundai i20 Asta 1.2 - 2013,"4,52,699","70,423 kms ",Petrol,2013,Hyundai
Hyundai Elite i20 - 2018,"7,04,399","30,232 kms ",Diesel,2018,Hyundai
Volkswagen Polo - 2016,"5,53,599","50,077 kms ",Petrol,2016,Volkswagen
Ford Ecosport - 2018,"9,99,599","18,482 kms ",Diesel,2018,Ford
Maruti Suzuki Baleno - 2018,"6,84,699","10,246 kms ",Petrol,2018,Maruti
Maruti Suzuki Baleno - 2016,"6,20,399","25,021 kms ",Petrol,2016,Maruti
Hyundai Elite i20 Asta 1.2 - 2014,"5,49,899","70,646 kms ",Petrol,2014,Hyundai
Maruti Suzuki Vitara Brezza - 2018,"8,12,899","45,490 kms ",Diesel,2018,Maruti
Ford Ecosport - 2016,"6,56,699","53,306 kms ",Diesel,2016,Ford
Hyundai Creta 1.6 CRDI SX PLUS AUTO - 2019,"7,25,000","58,460 kms ",Diesel,2019,Hyundai
Hyundai Venue - 2019,"6,00,000","29,000 kms ",Diesel,2019,Hyundai
Volvo XC90 D5 AWD - 2016,"37,00,000","1,10,000 kms ",Diesel,2016,Volvo
Mahindra XUV 500 W8 - 2013,"7,35,000","95,000 kms ",Diesel,2013,Mahindra
Toyota Fortuner 3.0 4x2 MT - 2012,"13,50,000","1,70,000 kms ",Diesel,2012,Toyota
Honda Jazz VX MT - 2013,"3,65,000","80,000 kms ",Petrol,2013,Honda
Hyundai i10 Asta 1.2 Kappa2 - 2011,"2,80,000","58,000 kms ",Petrol,2011,Hyundai
Tata Nexon XM Diesel - 2019,"8,40,000","22,000 kms ",Diesel,2019,Tata
Hyundai Creta 1.6 SX Plus Petrol - 2017,"8,18,599","69,215 kms ",Petrol,2017,Hyundai
Hyundai Verna 1.6 SX VTVT - 2018,"8,62,399","33,340 kms ",Petrol,2018,Hyundai
Renault Triber - 2019,"6,73,599","9,783 kms ",Petrol,2019,Renault
Hyundai Santro Sportz 1.1L - 2018,"5,28,899","15,110 kms ",Petrol,2018,Hyundai
Maruti Suzuki S Presso VXi Plus - 2021,"5,27,999","3,399 kms ",Petrol,2021,Maruti
Mahindra XUV 500 - 2013,"7,91,699","89,310 kms ",Diesel,2013,Mahindra
Maruti Suzuki Wagon R 1.0 Vxi - 2015,"3,92,999","53,148 kms ",Petrol,2015,Maruti
Honda City VX CVT Petrol - 2015,"6,90,199","42,020 kms ",Petrol,2015,Honda
Maruti Suzuki Swift Dzire Vdi BS IV - 2013,"4,74,699","74,594 kms ",Diesel,2013,Maruti
MG Motors Hector - 2021,"20,19,899","6,110 kms ",Petrol,2021,MG
Hyundai Grand i10 Sportz 1.2 Kappa VTVT - 2017,"5,62,299","24,346 kms ",Petrol,2017,Hyundai
Jeep Compass - 2017,"14,00,999","65,668 kms ",Diesel,2017,Jeep
Renault Kwid - 2018,"4,47,599","48,644 kms ",Petrol,2018,Renault
Toyota Innova Crysta 2.4 VX 7 STR - 2018,"18,14,599","36,877 kms ",Diesel,2018,Toyota
Tata Nexon - 2018,"9,20,399","79,673 kms ",Diesel,2018,Tata
Maruti Suzuki Swift Dzire VXi 1.2 BS IV - 2014,"4,47,599","54,352 kms ",Petrol,2014,Maruti
Tata Zest XMS Diesel - 2016,"3,90,000","64,000 kms ",Diesel,2016,Tata
Ford Freestyle TITANIUM 1.2 TI VCT MT - 2018,"6,50,000","54,000 kms ",Diesel,2018,Ford
Maruti Suzuki Swift ZXI ABS - 2017,"5,75,000","40,000 kms ",Petrol,2017,Maruti
Mahindra Xylo - 2015,"5,25,000","1,07,000 kms ",Diesel,2015,Mahindra
Mahindra Xylo - 2015,"5,25,000","1,07,000 kms ",Diesel,2015,Mahindra
BMW 5 Series 530d - 2011,"10,00,000","38,000 kms ",Diesel,2011,BMW
Hyundai i20 Magna 1.2 - 2010,"3,25,000","86,000 kms ",Petrol,2010,Hyundai
Jeep Compass Limited 2.0 Diesel 4x4 - 2021,"30,00,000","10,000 kms ",Diesel,2021,Jeep
Maruti Suzuki Alto K10 Vxi - 2017,"3,43,299","48,658 kms ",Petrol,2017,Maruti
MG Motors Hector - 2020,"17,11,499","11,998 kms ",Petrol,2020,MG
Maruti Suzuki Vitara Brezza Zdi Plus - 2018,"9,18,799","32,513 kms ",Diesel,2018,Maruti
Hyundai Grand i10 Sportz 1.2 Kappa VTVT - 2016,"5,26,399","21,372 kms ",Petrol,2016,Hyundai
Volkswagen Vento - 2017,"8,81,099","34,178 kms ",Petrol,2017,Volkswagen
Kia Seltos - 2019,"17,64,199","20,547 kms ",Petrol,2019,Kia
Maruti Suzuki Baleno - 2016,"6,39,199","34,731 kms ",Petrol,2016,Maruti
Hyundai Grand i10 - 2016,"5,22,999","30,536 kms ",Petrol,2016,Hyundai
MG Motors Hector Sharp 2.0 Diesel - 2019,"19,17,599","10,205 kms ",Diesel,2019,MG
Maruti Suzuki Wagon R 1.0 Vxi - 2017,"4,66,599","25,483 kms ",Petrol,2017,Maruti
Toyota Corolla Altis VL AT - 2017,"13,97,699","39,113 kms ",Petrol,2017,Toyota
Maruti Suzuki Ignis - 2017,"5,04,399","43,152 kms ",Petrol,2017,Maruti
MG Motors Hector - 2020,"19,20,399","5,325 kms ",Petrol,2020,MG
Ford Ecosport - 2018,"9,17,599","44,705 kms ",Petrol,2018,Ford
Toyota Etios - 2011,"3,19,099","70,022 kms ",Petrol,2011,Toyota
Maruti Suzuki Celerio Vxi O AMT - 2017,"4,84,399","47,435 kms ",Petrol,2017,Maruti
Volkswagen Polo HIGHLINE1.2L PETROL - 2010,"2,90,000","89,000 kms ",Petrol,2010,Volkswagen
Mahindra Thar DI 4WD - 2021,"17,90,000","9,826 kms ",Petrol,2021,Mahindra
Ford EcoSport Trend 1.5 Ti VCT - 2017,"6,50,000","83,000 kms ",Diesel,2017,Ford
Honda City 1.5 S Elegance - 2001,"73,000","1,95,000 kms ",Petrol,2001,Honda
Toyota Innova Crysta 2.4 ZX 7 STR - 2019,"22,00,000","35,000 kms ",Diesel,2019,Toyota
Hyundai Verna 1.6 SX VTVT O AT - 2022,"15,50,000","13,000 kms ",Petrol,2022,Hyundai
Toyota Fortuner 4x4 MT TRD Sportivo - 2015,"15,95,000","72,000 kms ",Diesel,2015,Toyota
Hyundai Xcent - 2016,"5,73,499","29,026 kms ",Petrol,2016,Hyundai
Hyundai Creta 1.6 SX Plus Petrol - 2015,"8,79,199","59,258 kms ",Petrol,2015,Hyundai
Mahindra XUV 500 - 2014,"7,33,399","1,20,399 kms ",Diesel,2014,Mahindra
Maruti Suzuki Vitara Brezza Zdi Plus - 2018,"9,67,599","28,853 kms ",Diesel,2018,Maruti
Honda City - 2020,"15,39,299","9,811 kms ",Petrol,2020,Honda
Hyundai i20 Active 1.2 S - 2015,"5,61,499","43,538 kms ",Petrol,2015,Hyundai
Hyundai Creta - 2017,"10,42,699","66,400 kms ",Petrol,2017,Hyundai
Maruti Suzuki S Cross - 2017,"10,32,099","59,341 kms ",Diesel,2017,Maruti
Hyundai Creta - 2016,"9,03,499","56,246 kms ",Petrol,2016,Hyundai
Honda Amaze - 2014,"4,72,499","35,944 kms ",Petrol,2014,Honda
Honda WR V - 2018,"7,71,299","17,699 kms ",Petrol,2018,Honda
Maruti Suzuki Wagon R 1.0 Vxi - 2017,"4,47,099","41,065 kms ",Petrol,2017,Maruti
Renault Kwid - 2019,"5,04,599","2,311 kms ",Petrol,2019,Renault
Hyundai Grand i10 - 2018,"6,20,999","2,991 kms ",Petrol,2018,Hyundai
Hyundai Grand i10 Magna 1.2 Kappa VTVT - 2015,"4,33,999","29,762 kms ",Petrol,2015,Hyundai
Skoda Rapid - 2016,"6,27,499","91,917 kms ",Diesel,2016,Skoda
Maruti Suzuki Swift Dzire ZDi - 2014,"3,60,000",0 kms ,Diesel,2014,Maruti
Toyota Fortuner 3.0 4x4 MT - 2012,"13,75,000","1,31,000 kms ",Diesel,2012,Toyota
Maruti Suzuki 800 - 2000,"69,000","85,000 kms ",Petrol,2000,Maruti
Tata Nano - 2011,"89,000","37,000 kms ",Petrol,2011,Tata
Tata Indica - 2011,"89,000","67,000 kms ",Diesel,2011,Tata
Audi Q7 3.0 TDI quattro Premium Plus - 2013,"22,00,000","1,20,000 kms ",Diesel,2013,Audi
Jaguar XJ L 3.0 Diesel - 2016,"44,25,000","71,000 kms ",Diesel,2016,Jaguar
Mercedes Benz GL Class 350 CDI - 2016,"44,50,000","1,05,000 kms ",Diesel,2016,Mercedes
Renault Kwid - 2019,"5,04,599","2,311 kms ",Petrol,2019,Renault
Maruti Suzuki Dzire Vxi - 2018,"7,04,199","30,771 kms ",Petrol,2018,Maruti
Hyundai Santro Sportz 1.1L - 2018,"5,13,099","29,488 kms ",Petrol,2018,Hyundai
Renault Kwid - 2019,"4,69,399","36,559 kms ",Petrol,2019,Renault
Honda WR V - 2018,"8,44,199","38,242 kms ",Diesel,2018,Honda
Maruti Suzuki Ignis - 2017,"5,44,799","66,426 kms ",Petrol,2017,Maruti
Volkswagen Polo - 2018,"7,10,899","16,950 kms ",Petrol,2018,Volkswagen
Maruti Suzuki Baleno - 2016,"5,80,599","18,866 kms ",Petrol,2016,Maruti
Maruti Suzuki Swift - 2017,"6,38,499","53,245 kms ",Diesel,2017,Maruti
Hyundai Verna - 2016,"6,54,699","44,543 kms ",Petrol,2016,Hyundai
Maruti Suzuki S Cross - 2018,"8,94,199","50,128 kms ",Diesel,2018,Maruti
Maruti Suzuki S Cross - 2018,"8,58,599","56,349 kms ",Diesel,2018,Maruti
Maruti Suzuki S Cross - 2017,"9,92,199","69,524 kms ",Diesel,2017,Maruti
Volkswagen Polo - 2017,"7,14,999","41,218 kms ",Petrol,2017,Volkswagen
Maruti Suzuki Baleno - 2020,"7,65,599","9,085 kms ",Petrol,2020,Maruti
MG Motors Hector Sharp 2.0 Diesel - 2019,"18,00,299","11,292 kms ",Diesel,2019,MG
Mercedes Benz C Class 250 CDI Avantgarde - 2011,"11,90,000","75,000 kms ",Diesel,2011,Mercedes
Hyundai Creta 1.6 SX O CRDI - 2018,"14,52,000","28,000 kms ",Diesel,2018,Hyundai
Skoda Rapid Style 1.5 TDI - 2018,"10,26,000","48,000 kms ",Diesel,2018,Skoda
Maruti Suzuki Ertiga VDI SHVS LIMITED EDITION - 2017,"8,21,000","51,000 kms ",Diesel,2017,Maruti
Hyundai Grand i10 Asta 1.2 Kappa VTVT - 2020,"7,25,000","24,990 kms ",Petrol,2020,Hyundai
Maruti Suzuki Ertiga ZDi - 2015,"6,00,000","48,600 kms ",Diesel,2015,Maruti
Maruti Suzuki Alto 800 Lxi - 2019,"3,36,000","3,600 kms ",Petrol,2019,Maruti
Tata Indigo eCS LX CR4 BS IV - 2012,"2,00,000","1,15,000 kms ",Diesel,2012,Tata
Maruti Suzuki Dzire Vxi - 2019,"6,80,699","29,594 kms ",Petrol,2019,Maruti
Honda City VX MT Petrol - 2015,"7,14,899","55,953 kms ",Petrol,2015,Honda
Maruti Suzuki Alto 800 Lxi - 2016,"3,16,799","16,980 kms ",Petrol,2016,Maruti
Ford Ecosport - 2016,"6,75,099","41,828 kms ",Diesel,2016,Ford
Maruti Suzuki S Cross - 2018,"10,57,399","64,803 kms ",Diesel,2018,Maruti
Maruti Suzuki Ertiga VDi SHVS - 2018,"9,38,099","44,460 kms ",Diesel,2018,Maruti
Tata Nexon - 2018,"10,57,699","14,276 kms ",Diesel,2018,Tata
Maruti Suzuki Wagon R - 2019,"6,10,099","23,425 kms ",Petrol,2019,Maruti
Maruti Suzuki Alto K10 Vxi O AMT - 2018,"4,52,199","23,056 kms ",Petrol,2018,Maruti
Hyundai Elite i20 - 2019,"7,12,699","16,102 kms ",Petrol,2019,Hyundai
Maruti Suzuki Vitara Brezza VDi - 2019,"8,38,699","56,615 kms ",Diesel,2019,Maruti
Mahindra TUV300 - 2015,"6,66,899","70,317 kms ",Diesel,2015,Mahindra
MG Motors Hector - 2020,"16,81,899","6,760 kms ",Petrol,2020,MG
MG Motors Hector - 2020,"18,54,599","8,870 kms ",Petrol,2020,MG
Maruti Suzuki Baleno - 2016,"5,71,499","78,209 kms ",Petrol,2016,Maruti
Volkswagen Vento - 2015,"5,89,199","64,292 kms ",Petrol,2015,Volkswagen
Toyota Innova Crysta Touring Sport Diesel MT - 2020,"23,50,000","57,000 kms ",Diesel,2020,Toyota
Toyota Fortuner - 2019,"36,50,000","42,000 kms ",Diesel,2019,Toyota
Toyota Innova 2.5 G 8 STR BS III - 2011,"4,45,000","1,41,000 kms ",Diesel,2011,Toyota
Ssangyong Rexton RX7 - 2017,"12,31,000","82,000 kms ",Diesel,2017,Ssangyong
Toyota Fortuner 3.0 4x2 MT - 2012,"12,31,000","1,17,000 kms ",Diesel,2012,Toyota
Mahindra TUV300 T8 - 2015,"6,00,000","70,000 kms ",Diesel,2015,Mahindra
Hyundai i20 Magna 1.4 CRDi Diesel - 2011,"3,20,000","89,450 kms ",Diesel,2011,Hyundai
Maruti Suzuki Ertiga ZXI Plus SHVS - 2020,"11,75,000","29,000 kms ",Petrol,2020,Maruti
Maruti Suzuki Alto K10 VXi AMT - 2015,"3,51,699","58,771 kms ",Petrol,2015,Maruti
Maruti Suzuki Alto K10 Vxi - 2016,"2,99,199","53,266 kms ",Petrol,2016,Maruti
Honda Amaze - 2019,"6,57,199","9,200 kms ",Petrol,2019,Honda
Ford Ecosport - 2014,"5,39,299","61,721 kms ",Petrol,2014,Ford
Hyundai Grand i10 - 2017,"6,08,399","18,333 kms ",Petrol,2017,Hyundai
Ford Ecosport - 2019,"10,42,799","51,780 kms ",Petrol,2019,Ford
Maruti Suzuki Baleno - 2018,"6,45,199","30,854 kms ",Petrol,2018,Maruti
Ford Ecosport - 2017,"8,11,899","24,680 kms ",Petrol,2017,Ford
Volkswagen Vento - 2015,"5,57,799","85,663 kms ",Petrol,2015,Volkswagen
Mahindra Bolero - 2021,"8,73,999","20,541 kms ",Diesel,2021,Mahindra
Hyundai i20 Magna O 1.2 - 2010,"2,78,299","64,182 kms ",Petrol,2010,Hyundai
Maruti Suzuki S Cross - 2017,"9,86,399","58,819 kms ",Diesel,2017,Maruti
Maruti Suzuki Wagon R - 2019,"6,10,099","32,057 kms ",Petrol,2019,Maruti
Jeep Compass - 2018,"17,49,899","18,403 kms ",Petrol,2018,Jeep
Maruti Suzuki Alto K10 Vxi O AMT - 2018,"4,43,899","7,877 kms ",Petrol,2018,Maruti
Hyundai Verna 1.6 SX VTVT - 2018,"9,36,299","15,509 kms ",Petrol,2018,Hyundai
Honda Jazz VX AT - 2018,"8,50,000","15,000 kms ",Petrol,2018,Honda
Maruti Suzuki Ignis Zeta 1.3 AT - 2017,"5,95,000","75,000 kms ",Diesel,2017,Maruti
Hyundai i10 Magna 1.1 iRDE2 - 2008,"1,75,000","62,000 kms ",Petrol,2008,Hyundai
Hyundai Creta 1.6 VTVT SX AUTO - 2018,"9,30,000","1,34,500 kms ",Diesel,2018,Hyundai
Toyota Fortuner 3.0 MT 4X4 - 2012,"15,00,000","63,896 kms ",Diesel,2012,Toyota
Mahindra Scorpio - 2005,"1,59,000","90,000 kms ",Diesel,2005,Mahindra
Maruti Suzuki Alto - 2007,"69,000","58,000 kms ",Petrol,2007,Maruti
Ford Ikon - 2008,"69,000","85,000 kms ",Diesel,2008,Ford
Maruti Suzuki Baleno - 2016,"5,80,599","48,329 kms ",Petrol,2016,Maruti
Renault Kwid RXT Opt - 2019,"4,04,499","21,301 kms ",Petrol,2019,Renault
Maruti Suzuki Vitara Brezza VDi - 2019,"8,38,699","34,566 kms ",Diesel,2019,Maruti
Renault Kwid - 2018,"4,46,499","34,297 kms ",Petrol,2018,Renault
Tata Hexa - 2017,"10,47,499","1,19,571 kms ",Diesel,2017,Tata
Maruti Suzuki Alto 800 Lxi - 2018,"3,45,599","27,957 kms ",Petrol,2018,Maruti
Ford Ecosport - 2018,"7,84,399","27,210 kms ",Petrol,2018,Ford
Maruti Suzuki Swift Vxi - 2014,"4,89,399","21,610 kms ",Petrol,2014,Maruti
Maruti Suzuki Baleno - 2017,"6,27,499","40,902 kms ",Petrol,2017,Maruti
Maruti Suzuki Alto 800 Lxi - 2015,"2,88,399","11,057 kms ",Petrol,2015,Maruti
Maruti Suzuki Baleno - 2016,"5,73,999","72,505 kms ",Petrol,2016,Maruti
Hyundai Creta - 2018,"13,73,699","31,338 kms ",Petrol,2018,Hyundai
Maruti Suzuki Alto 800 Lxi - 2016,"2,79,799","28,674 kms ",Petrol,2016,Maruti
Hyundai Elite i20 Sportz 1.2 - 2018,"6,58,199","25,416 kms ",Petrol,2018,Hyundai
Hyundai Grand i10 Sportz 1.2 Kappa VTVT - 2016,"4,65,499","14,765 kms ",Petrol,2016,Hyundai
Toyota Etios - 2015,"5,63,999","60,380 kms ",Diesel,2015,Toyota
Hyundai Santro - 2001,"59,000","85,000 kms ",Petrol,2001,Hyundai
Hyundai Getz - 2006,"1,19,000","73,000 kms ",Petrol,2006,Hyundai
Hyundai Santro Xing - 2004,"69,000","85,000 kms ",Petrol,2004,Hyundai
Hyundai Santro - 2002,"89,000","85,000 kms ",Petrol,2002,Hyundai
Ford Figo - 2012,"1,29,000","86,000 kms ",Diesel,2012,Ford
Toyota Fortuner 2.8 4x2 MT - 2019,"29,31,000","55,000 kms ",Diesel,2019,Toyota
Mahindra Bolero ZLX BS IV - 2018,"7,90,000","79,950 kms ",Diesel,2018,Mahindra
Fiat Linea Emotion Pack - 2009,"2,00,000","75,000 kms ",Diesel,2009,Fiat
Maruti Suzuki Baleno - 2018,"7,18,699","19,775 kms ",Petrol,2018,Maruti
Tata Tiago - 2018,"5,43,399","28,495 kms ",Petrol,2018,Tata
Hyundai Creta - 2020,"17,80,399","28,344 kms ",Diesel,2020,Hyundai
Toyota Glanza - 2020,"7,57,999","10,801 kms ",Petrol,2020,Toyota
Tata Nexon - 2019,"10,13,999","4,365 kms ",Petrol,2019,Tata
Maruti Suzuki Celerio VDi - 2016,"4,39,999","53,266 kms ",Diesel,2016,Maruti
Maruti Suzuki S Cross - 2018,"8,39,199","50,866 kms ",Diesel,2018,Maruti
Maruti Suzuki Alto K10 Vxi - 2019,"4,21,799","24,230 kms ",Petrol,2019,Maruti
Maruti Suzuki Baleno - 2016,"5,80,599","64,275 kms ",Petrol,2016,Maruti
Hyundai Venue - 2019,"9,86,799","8,924 kms ",Petrol,2019,Hyundai
MG Motors Hector - 2021,"20,57,399","12,208 kms ",Petrol,2021,MG
Honda City V CVT - 2018,"10,82,299","26,956 kms ",Petrol,2018,Honda
Hyundai Grand i10 Sportz 1.2 Kappa VTVT - 2017,"5,76,999","12,223 kms ",Petrol,2017,Hyundai
Hyundai Grand i10 Sportz 1.2 Kappa VTVT - 2016,"5,33,199","23,960 kms ",Petrol,2016,Hyundai
Maruti Suzuki Wagon R 1.0 VXi AMT - 2015,"4,73,299","33,687 kms ",Petrol,2015,Maruti
MG Motors Hector - 2020,"18,38,399","24,887 kms ",Petrol,2020,MG
Toyota Innova 2.5 V 7 STR - 2013,"8,00,000","74,000 kms ",Diesel,2013,Toyota
Nissan Micra XE - 2011,"1,99,000","40,000 kms ",Petrol,2011,Nissan
Hyundai Creta 1.6 SX AT CRDI - 2020,"17,50,000","45,000 kms ",Diesel,2020,Hyundai
Maruti Suzuki Swift Dzire ZDI AMT - 2018,"5,95,000","41,000 kms ",Diesel,2018,Maruti
Hyundai Grand i10 SPORTS 1.2 VTVT - 2014,Ask For Price,"52,000 kms ",Petrol,2014,Hyundai
BMW 3 Series 320d Luxury Line - 2015,"18,90,000","61,000 kms ",Diesel,2015,BMW
Jaguar XF 2.2 Diesel Luxury - 2014,"21,50,000","20,000 kms ",Diesel,2014,Jaguar
Hyundai Verna Fluidic - 2015,"6,99,000","26,000 kms ",Petrol,2015,Hyundai
Hyundai Grand i10 Asta AT 1.2 Kappa VTVT - 2015,"4,51,799","71,423 kms ",Petrol,2015,Hyundai
Hyundai Grand i10 Sportz 1.2 Kappa VTVT - 2015,"4,46,999","34,095 kms ",Petrol,2015,Hyundai
Maruti Suzuki Wagon R 1.0 VXi AMT - 2016,"4,70,799","32,658 kms ",Petrol,2016,Maruti
Maruti Suzuki Ignis - 2017,"5,11,799","33,166 kms ",Petrol,2017,Maruti
Maruti Suzuki Wagon R 1.0 Vxi - 2014,"3,99,899","31,284 kms ",Petrol,2014,Maruti
Maruti Suzuki Wagon R 1.0 Vxi - 2015,"3,75,999","66,090 kms ",Petrol,2015,Maruti
Ford Ecosport - 2016,"6,64,799","51,295 kms ",Petrol,2016,Ford
Maruti Suzuki Baleno - 2016,"6,17,799","48,693 kms ",Petrol,2016,Maruti
Maruti Suzuki Ciaz - 2017,"7,49,299","36,626 kms ",Diesel,2017,Maruti
Renault Duster - 2016,"7,95,799","55,752 kms ",Diesel,2016,Renault
Tata Tigor - 2017,"5,43,499","49,341 kms ",Diesel,2017,Tata
Maruti Suzuki Alto K10 Vxi - 2015,"3,17,199","60,251 kms ",Petrol,2015,Maruti
Maruti Suzuki Alto K10 VXi AMT - 2015,"3,73,699","22,269 kms ",Petrol,2015,Maruti
Volkswagen Ameo - 2016,"5,01,799","38,999 kms ",Petrol,2016,Volkswagen
Maruti Suzuki Vitara Brezza VDi - 2019,"8,38,699","29,110 kms ",Diesel,2019,Maruti
Hyundai Creta - 2020,"18,04,399","14,506 kms ",Petrol,2020,Hyundai
Chevrolet Beat LT Petrol - 2010,"1,75,000","55,000 kms ",Petrol,2010,Chevrolet
Tata Hexa XM 4x2 7 STR - 2018,"12,00,000","60,000 kms ",Diesel,2018,Tata
Toyota Corolla H5 1.8E - 2006,"1,70,000","80,000 kms ",Petrol,2006,Toyota
Maruti Suzuki Maruti 800 Std BSII - 2005,"65,000","1,08,252 kms ",Petrol,2005,Maruti
Maruti Suzuki Wagon R VXI BS IV - 2014,"3,60,000","36,000 kms ",Petrol,2014,Maruti
Hyundai Xcent 1.2 S CRDI - 2016,"2,99,000","95,000 kms ",Diesel,2016,Hyundai
Ford Figo 1.5 TITANIUM - 2010,"1,76,000","88,000 kms ",Diesel,2010,Ford
Maruti Suzuki Wagon R LX BS IV - 2014,"3,25,000","60,000 kms ",Petrol,2014,Maruti
Hyundai Creta - 2020,"18,04,399","14,506 kms ",Petrol,2020,Hyundai
Maruti Suzuki S Cross - 2017,"9,85,299","29,115 kms ",Diesel,2017,Maruti
Maruti Suzuki Baleno - 2017,"6,42,899","34,763 kms ",Petrol,2017,Maruti
Maruti Suzuki Ciaz ZDi Plus SHVS RS - 2015,"7,40,000","12,500 kms ",Diesel,2015,Maruti
Maruti Suzuki Baleno Zeta 1.3 - 2017,"6,10,000","85,000 kms ",Petrol,2017,Maruti
Hyundai Grand i10 ASTA 1.2 O VTVT - 2016,"4,95,000","40,000 kms ",Petrol,2016,Hyundai
Hyundai Verna 1.6 SX - 2014,"5,10,000","71,000 kms ",Petrol,2014,Hyundai
Maruti Suzuki Baleno Delta 1.2 - 2017,"5,60,000","44,000 kms ",Petrol,2017,Maruti
Toyota Innova 2.0 G4 - 2009,"4,55,000","1,24,000 kms ",Diesel,2009,Toyota
Maruti Suzuki Wagon R 1.0 LXi CNG - 2012,"3,50,000","78,000 kms ",CNG,2012,Maruti
Renault Kwid CLIMBER 1.0 AT - 2017,"4,63,099","44,696 kms ",Petrol,2017,Renault
Maruti Suzuki Alto 800 Lxi - 2018,"3,50,599","33,004 kms ",Petrol,2018,Maruti
Hyundai Verna Fluidic 1.4 VTVT - 2016,"6,36,299","46,034 kms ",Petrol,2016,Hyundai
Hyundai Grand i10 NIOS - 2020,"6,98,199","60,307 kms ",Petrol,2020,Hyundai
Hyundai Grand i10 NIOS - 2021,"7,64,199","8,825 kms ",Petrol,2021,Hyundai
Maruti Suzuki Celerio VXi - 2019,"5,24,799","5,743 kms ",Petrol,2019,Maruti
Ford EcoSport Ambiente 1.5 TDCi - 2013,"4,20,000","87,000 kms ",Diesel,2013,Ford
Kia Seltos GTX Plus 1.4 - 2020,"18,31,000","19,500 kms ",Petrol,2020,Kia
Chevrolet Beat LS Petrol - 2010,"2,10,000","60,000 kms ",Petrol,2010,Chevrolet
Volkswagen Vento Highline Petrol AT - 2013,"4,65,000","70,000 kms ",Petrol,2013,Volkswagen
Audi Q7 35 TDI Premium Plus Sunroof - 2017,"22,50,000","65,000 kms ",Diesel,2017,Audi
Maruti Suzuki Ertiga ZXI Plus SHVS - 2020,"10,90,000","35,623 kms ",Petrol,2020,Maruti
Toyota Innova - 2005,"3,75,000","1,60,000 kms ",Petrol,2005,Toyota
Hyundai i20 Sportz 1.2 - 2009,"2,25,000","98,500 kms ",Petrol,2009,Hyundai
Maruti Suzuki Celerio VXi - 2019,"5,24,799","5,743 kms ",Petrol,2019,Maruti
Maruti Suzuki Eeco 5 STR WITH AC PLUSHTR - 2019,"4,93,899","25,735 kms ",Petrol,2019,Maruti
Hyundai Elite i20 1.2 ASTA O CVT - 2019,"8,25,299","37,522 kms ",Petrol,2019,Hyundai
Maruti Suzuki Wagon R 1.0 VXi - 2018,"4,95,499","38,955 kms ",Petrol,2018,Maruti
Datsun Redi GO - 2017,Ask For Price,"40,664 kms ",Petrol,2017,Datsun
Hyundai Eon Era Plus - 2014,"2,77,599","65,308 kms ",Petrol,2014,Hyundai
Maruti Suzuki Wagon R Duo - 2017,"4,73,899","30,467 kms ",Petrol,2017,Maruti
Hyundai Venue S MT Turbo GDI 1.0L - 2019,"8,55,299","1,954 kms ",Petrol,2019,Hyundai
Hyundai Santro 1.1 SPORTS AMT - 2019,"5,40,299","35,220 kms ",Petrol,2019,Hyundai
Hyundai Elite i20 ASTA 1.2 O  - 2016,"6,42,899","75,876 kms ",Petrol,2016,Hyundai
Maruti Suzuki Alto VXi - 2021,"4,42,299","27,020 kms ",Petrol,2021,Maruti
Renault Triber 1.0 RXZ - 2019,"7,25,399","13,739 kms ",Petrol,2019,Renault
Maruti Suzuki Wagon R - 2019,"5,58,299","21,544 kms ",Petrol,2019,Maruti
Maruti Suzuki Alto K10 VXi - 2016,"3,54,299","13,816 kms ",Petrol,2016,Maruti
Hyundai Elite i20 ASTA 1.2 O  - 2016,"6,73,599","23,817 kms ",Petrol,2016,Hyundai
Hyundai Grand i10 Sportz O 1.2 MT - 2017,"5,25,099","60,985 kms ",Petrol,2017,Hyundai
Hyundai Verna SX CRDi AT - 2012,"5,25,000","80,000 kms ",Diesel,2012,Hyundai
Volkswagen Polo Comfortline 1.2L P - 2018,"6,75,000","30,123 kms ",Petrol,2018,Volkswagen
Renault Kwid RXT - 2016,"3,25,000","67,000 kms ",Petrol,2016,Renault
Renault Triber RXT - 2020,"6,45,000","26,123 kms ",Petrol,2020,Renault
Maruti Suzuki Ertiga VXI Limited Edition - 2017,"7,85,000","60,123 kms ",Petrol,2017,Maruti
Mahindra TUV300 T8 AMT - 2016,"6,90,000","52,123 kms ",Diesel,2016,Mahindra
Maruti Suzuki Celerio LXi AMT - 2018,"4,25,000","11,123 kms ",Petrol,2018,Maruti
Hyundai Elite i20 Magna Executive 1.2 - 2019,"6,45,000","41,233 kms ",Petrol,2019,Hyundai
Maruti Suzuki Swift ZXi - 2016,"5,29,699","50,141 kms ",Petrol,2016,Maruti
Maruti Suzuki Ertiga - 2018,"10,81,899","86,033 kms ",Diesel,2018,Maruti
Fiat Linea Dynamic 1.3 - 2012,"2,56,000","30,000 kms ",Petrol,2012,Fiat
Honda City ZX EXi - 2008,"2,90,000","86,924 kms ",Petrol,2008,Honda
Volkswagen Polo GT TSI - 2016,"7,35,000","68,870 kms ",Petrol,2016,Volkswagen
Maruti Suzuki XL6 - 2019,"12,44,799","22,292 kms ",Petrol,2019,Maruti
Honda Amaze - 2014,"4,74,399","44,013 kms ",Petrol,2014,Honda
Maruti Suzuki Wagon R 1.0 VXi Opt - 2016,"3,89,399","96,250 kms ",Petrol,2016,Maruti
Maruti Suzuki Swift Vxi - 2017,"5,62,399","59,839 kms ",Petrol,2017,Maruti
Hyundai Grand i10 - 2015,"4,46,699","49,693 kms ",Petrol,2015,Hyundai
Renault Kwid RXT 1.0 EASY R AT - 2017,"4,39,999","22,223 kms ",Petrol,2017,Renault
Honda Amaze - 2021,"9,18,999","8,030 kms ",Petrol,2021,Honda
Volkswagen Polo - 2016,"8,15,799","38,780 kms ",Petrol,2016,Volkswagen
Maruti Suzuki Vitara Brezza ZDi - 2018,"8,96,799","31,919 kms ",Diesel,2018,Maruti
Hyundai i10 Sportz 1.1 iRDE2 - 2015,"4,11,399","47,564 kms ",Petrol,2015,Hyundai
Hyundai Grand i10 - 2013,"4,98,999","42,836 kms ",Petrol,2013,Hyundai
Renault Kwid RXT - 2020,"4,70,000","6,000 kms ",Petrol,2020,Renault
Tata Indica - 2007,"69,000","85,000 kms ",Diesel,2007,Tata
Mahindra TUV300 T8 - 2018,"9,25,000","27,000 kms ",Diesel,2018,Mahindra
Mahindra Scorpio LX BS IV - 2013,"4,95,000","6,90,000 kms ",Diesel,2013,Mahindra
Skoda Rapid 1.5 TDI CR Elegance - 2013,Ask For Price,"1,45,000 kms ",Diesel,2013,Skoda
Maruti Suzuki Ertiga ZXI Plus SHVS - 2020,"10,90,000","35,000 kms ",Petrol,2020,Maruti
Toyota Etios Liva GD - 2013,"3,00,000","1,35,000 kms ",Diesel,2013,Toyota
Tata Aria Prestige 4X4 - 2012,"4,50,000","1,15,000 kms ",Diesel,2012,Tata
Ford Figo - 2015,"3,57,999","50,488 kms ",Petrol,2015,Ford
Maruti Suzuki Ignis - 2018,"4,62,599","12,916 kms ",Petrol,2018,Maruti
Hyundai Elite i20 Asta 1.2 - 2016,"6,95,199","30,731 kms ",Petrol,2016,Hyundai
Maruti Suzuki Eeco 7 STR - 2019,"4,90,399","8,825 kms ",Petrol,2019,Maruti
Renault Kwid RxL - 2016,"3,40,099","21,627 kms ",Petrol,2016,Renault
Maruti Suzuki Ertiga - 2020,"9,97,899","5,580 kms ",Petrol,2020,Maruti
Hyundai i10 Sportz 1.2 Kappa2 - 2013,"3,51,599","41,371 kms ",Petrol,2013,Hyundai
Maruti Suzuki Swift Dzire Vxi - 2016,"6,03,799","42,313 kms ",Petrol,2016,Maruti
Hyundai Elite i20 Sportz 1.2 - 2016,"5,99,799","74,913 kms ",Petrol,2016,Hyundai
Maruti Suzuki Wagon R 1.0 Vxi - 2018,"4,56,099","74,760 kms ",Petrol,2018,Maruti
Ford Ecosport - 2019,"9,93,699","34,045 kms ",Diesel,2019,Ford
Maruti Suzuki Ritz - 2010,"3,12,299","1,43,147 kms ",Petrol,2010,Maruti
Hyundai Venue - 2019,"12,21,799","28,149 kms ",Petrol,2019,Hyundai
Maruti Suzuki Swift Vxi - 2015,"5,22,999","38,049 kms ",Petrol,2015,Maruti
Hyundai EON Magna Plus - 2014,"3,23,399","78,895 kms ",Petrol,2014,Hyundai
Hyundai Grand i10 Sportz 1.2 Kappa VTVT - 2015,"5,10,799","27,027 kms ",Petrol,2015,Hyundai
Mahindra XUV 500 W8 2013 - 2013,"7,50,000","66,000 kms ",Diesel,2013,Mahindra
Hyundai Getz GLS - 2005,"1,55,000","82,000 kms ",Petrol,2005,Hyundai
Maruti Suzuki Swift Dzire VXi 1.2 BS IV - 2011,"3,50,000","57,000 kms ",Petrol,2011,Maruti
Honda Amaze 1.5 VX i DTEC - 2014,"4,10,000","71,000 kms ",Diesel,2014,Honda
Hyundai Eon Era Plus - 2014,"2,75,000","47,000 kms ",CNG,2014,Hyundai
Hyundai Grand i10 MAGNA 1.2 VTVT - 2017,"4,65,000","37,000 kms ",Petrol,2017,Hyundai
Maruti Suzuki Zen Estilo LXI Green CNG - 2007,"1,45,000","73,000 kms ",Petrol,2007,Maruti
Hyundai Getz GLS - 2007,"1,65,000","82,650 kms ",Petrol,2007,Hyundai
Maruti Suzuki Vitara Brezza ZXI - 2020,"9,10,799","23,940 kms ",Petrol,2020,Maruti
Renault Captur - 2018,"7,22,899","26,678 kms ",Petrol,2018,Renault
Honda WR V - 2018,"8,09,499","41,342 kms ",Diesel,2018,Honda
Maruti Suzuki Alto 800 LXI Option - 2013,"2,97,399","59,614 kms ",Petrol,2013,Maruti
Maruti Suzuki Alto K10 VXi AMT - 2016,"4,11,999","39,550 kms ",Petrol,2016,Maruti
Renault Triber - 2019,"6,23,399","28,621 kms ",Petrol,2019,Renault
Honda Brio - 2013,"3,72,399","60,437 kms ",Petrol,2013,Honda
Maruti Suzuki Wagon R 1.0 Vxi Plus AMT - 2018,"5,18,099","26,598 kms ",Petrol,2018,Maruti
Honda Amaze - 2015,"4,85,599","62,723 kms ",Petrol,2015,Honda
Maruti Suzuki Baleno - 2017,"6,36,899","21,145 kms ",Petrol,2017,Maruti
Hyundai Grand i10 - 2013,"3,96,999","48,699 kms ",Petrol,2013,Hyundai
Ford Ecosport - 2019,"9,80,399","10,102 kms ",Petrol,2019,Ford
Maruti Suzuki Baleno - 2017,"6,58,999","34,881 kms ",Petrol,2017,Maruti
Hyundai EON D Lite Plus - 2015,"3,04,099","53,997 kms ",Petrol,2015,Hyundai
Maruti Suzuki Alto K10 VXi AMT - 2015,"3,62,599","49,076 kms ",Petrol,2015,Maruti
Maruti Suzuki Alto K10 VXi - 2014,"3,44,199","65,951 kms ",Petrol,2014,Maruti
Maruti Suzuki Swift VXI BSIII - 2007,"2,15,000","1,16,000 kms ",Petrol,2007,Maruti
Skoda Rapid 1.5 TDI CR Elegance Black Package AT - 2015,"5,50,000","1,36,000 kms ",Diesel,2015,Skoda
Renault Duster 110PS Diesel RxZ - 2013,"5,50,000","85,000 kms ",Diesel,2013,Renault
Hyundai Santro - 2002,"89,000","85,000 kms ",Petrol,2002,Hyundai
Maruti Suzuki Alto - 2001,"79,000","85,000 kms ",Petrol,2001,Maruti
Chevrolet Aveo - 2007,"67,000","63,000 kms ",Petrol,2007,Chevrolet
Ford Ikon - 2009,"59,000","73,000 kms ",Petrol,2009,Ford
Maruti Suzuki Wagon R - 2007,"69,000","85,000 kms ",Petrol,2007,Maruti
Maruti Suzuki Alto K10 - 2017,"4,62,399","15,032 kms ",Petrol,2017,Maruti
Maruti Suzuki Alto 800 Lxi - 2017,"3,19,999","15,575 kms ",Petrol,2017,Maruti
Maruti Suzuki Swift VDi - 2010,"2,75,699","1,47,819 kms ",Diesel,2010,Maruti
Hyundai Grand i10 SPORTS 1.2 VTVT - 2016,"5,01,599","35,203 kms ",Petrol,2016,Hyundai
Maruti Suzuki Eeco 5 STR WITH AC PLUSHTR - 2020,"5,06,599","7,597 kms ",Petrol,2020,Maruti
Mahindra Scorpio S5 2WD - 2018,"11,98,599","34,883 kms ",Diesel,2018,Mahindra
Ford Ecosport - 2017,"7,75,499","59,580 kms ",Diesel,2017,Ford
Maruti Suzuki Ritz Lxi - 2011,"3,38,999","49,647 kms ",Petrol,2011,Maruti
Hyundai Verna Fluidic 1.4 VTVT - 2016,"6,52,699","67,577 kms ",Petrol,2016,Hyundai
Tata Tiago - 2017,"5,35,899","10,890 kms ",Petrol,2017,Tata
Maruti Suzuki Swift ZXI - 2015,"4,92,099","57,444 kms ",Petrol,2015,Maruti
Honda City - 2017,"8,85,999","33,598 kms ",Petrol,2017,Honda
Ford Freestyle - 2018,"6,94,899","17,804 kms ",Petrol,2018,Ford
Maruti Suzuki Swift ZXI - 2013,"4,50,599","62,613 kms ",Petrol,2013,Maruti
Hyundai i20 Asta 1.2 - 2010,"3,77,999","56,974 kms ",Petrol,2010,Hyundai
Datsun Redi GO T O  - 2021,"4,91,499","1,405 kms ",Petrol,2021,Datsun
Maruti Suzuki Omni - 2008,"89,000","85,000 kms ",Petrol,2008,Maruti
Hyundai Creta 1.6 SX Plus Petrol AT - 2020,"18,65,000","8,000 kms ",Petrol,2020,Hyundai
Datsun GO T - 2014,"2,35,000","29,000 kms ",Petrol,2014,Datsun
Mahindra Bolero B6 O  - 2020,"10,25,000","22,000 kms ",Diesel,2020,Mahindra
Volkswagen Polo GT TSI - 2014,"4,50,000","1,18,000 kms ",Petrol,2014,Volkswagen
Hyundai Creta 1.6 SX PLUS DIESEL - 2020,"15,75,000","23,000 kms ",Diesel,2020,Hyundai
Maruti Suzuki Swift Dzire VDi - 2018,"6,95,000","34,000 kms ",Diesel,2018,Maruti
Honda Civic 1.8V MT - 2008,"2,95,000","87,000 kms ",Petrol,2008,Honda
Hyundai Verna - 2018,"11,71,199","36,965 kms ",Petrol,2018,Hyundai
Honda WR V - 2017,"6,25,699","25,526 kms ",Petrol,2017,Honda
Hyundai Grand i10 Sportz 1.2 Kappa VTVT - 2016,"4,53,199","20,235 kms ",Petrol,2016,Hyundai
Maruti Suzuki Vitara Brezza ZDi - 2018,"8,50,499","61,064 kms ",Diesel,2018,Maruti
Maruti Suzuki Ignis DELTA 1.2 K12 - 2018,"5,48,699","12,558 kms ",Petrol,2018,Maruti
Maruti Suzuki Alto K10 VXi AMT - 2019,"4,98,799","14,179 kms ",Petrol,2019,Maruti
Honda City VX CVT Petrol - 2020,"13,77,199","20,379 kms ",Petrol,2020,Honda
Ford Ecosport - 2017,"7,72,799","42,837 kms ",Petrol,2017,Ford
Hyundai Elite i20 Sportz 1.2 - 2016,"5,72,599","67,473 kms ",Petrol,2016,Hyundai
Honda City V MT PETROL - 2016,"7,74,899","27,576 kms ",Petrol,2016,Honda
Maruti Suzuki S Cross - 2017,"8,85,099","80,900 kms ",Diesel,2017,Maruti
Hyundai Elite i20 - 2017,"6,87,499","1,00,934 kms ",Diesel,2017,Hyundai
Hyundai Elite i20 Sportz 1.2 - 2015,"5,67,799","29,060 kms ",Petrol,2015,Hyundai
Hyundai i10 Magna 1.1 iRDE2 - 2016,"3,98,499","36,129 kms ",Petrol,2016,Hyundai
Maruti Suzuki Swift VDi - 2011,"3,48,499","1,56,442 kms ",Diesel,2011,Maruti
Maruti Suzuki Wagon R 1.0 VXi AMT - 2018,"5,20,899","48,710 kms ",Petrol,2018,Maruti
Ford Figo Diesel LXI - 2012,"2,25,000","80,000 kms ",Diesel,2012,Ford
Honda City SV Petrol - 2015,"7,25,000","57,000 kms ",Petrol,2015,Honda
Honda Amaze 1.2 VX AT i VTEC - 2013,"4,25,000","44,000 kms ",Petrol,2013,Honda
Maruti Suzuki Swift Dzire VXi 1.2 BS IV - 2015,"5,00,000","57,000 kms ",Petrol,2015,Maruti
Maruti Suzuki Swift VXI BSIII - 2008,"2,50,000","77,000 kms ",Petrol,2008,Maruti
Maruti Suzuki Ritz Zxi BS IV - 2013,"3,60,000","81,000 kms ",Petrol,2013,Maruti
Hyundai Creta 1.6 SX Plus Petrol - 2016,"9,75,000","41,000 kms ",Petrol,2016,Hyundai
Ford Ecosport - 2018,"9,16,799","20,619 kms ",Petrol,2018,Ford
Maruti Suzuki Wagon R 1.0 LXi CNG - 2018,"4,80,999","51,149 kms ",Petrol,2018,Maruti
Tata Nexon - 2020,"10,43,299","12,978 kms ",Petrol,2020,Tata
Honda City V MT PETROL - 2016,"7,87,399","40,025 kms ",Petrol,2016,Honda
Hyundai Grand i10 Sportz 1.2 Kappa VTVT - 2016,"5,01,599","63,075 kms ",Petrol,2016,Hyundai
Honda Brio - 2012,"3,62,999","78,724 kms ",Petrol,2012,Honda
Renault Kwid - 2018,"4,03,199","12,257 kms ",Petrol,2018,Renault
Hyundai Venue - 2019,"10,22,599","26,890 kms ",Diesel,2019,Hyundai
Nissan Micra Active - 2018,"4,83,199","20,485 kms ",Petrol,2018,Nissan
Hyundai EON Era Plus - 2017,"3,21,399","69,220 kms ",Petrol,2017,Hyundai
Maruti Suzuki Alto 800 Vxi - 2017,"3,07,999","41,900 kms ",Petrol,2017,Maruti
Maruti Suzuki Eeco - 2019,"4,78,599","11,944 kms ",Petrol,2019,Maruti
Maruti Suzuki Wagon R 1.0 Vxi - 2015,"4,05,199","66,143 kms ",Petrol,2015,Maruti
Maruti Suzuki Alto 800 Vxi - 2018,"3,14,999","16,563 kms ",Petrol,2018,Maruti
Hyundai Elite i20 - 2016,"6,84,599","14,460 kms ",Petrol,2016,Hyundai
Maruti Suzuki Alto K10 Vxi O AMT - 2018,"4,13,099","47,120 kms ",Petrol,2018,Maruti
Chevrolet Cruze LTZ - 2011,"3,45,000","1,15,000 kms ",Diesel,2011,Chevrolet
Renault Scala RxZ Diesel - 2013,"3,85,000","79,200 kms ",Diesel,2013,Renault
Hyundai Verna 1.6 CRDI SX O AT - 2016,"6,90,000","48,877 kms ",Diesel,2016,Hyundai
Honda WRV VX MT Petrol - 2019,"8,25,000","32,000 kms ",Petrol,2019,Honda
Toyota Corolla Altis 1.8 G AT - 2018,"14,25,000","51,000 kms ",Petrol,2018,Toyota
Maruti Suzuki Alto Vxi 1.1 - 2014,"2,95,000","56,000 kms ",Petrol,2014,Maruti
Tata Tiago Revotorq XZ - 2022,"7,00,000","14,000 kms ",Petrol,2022,Tata
Chevrolet Aveo - 2006,"69,000","79,000 kms ",Petrol,2006,Chevrolet
Maruti Suzuki Swift VDi ABS - 2016,"5,01,199","1,47,960 kms ",Diesel,2016,Maruti
Maruti Suzuki Wagon R 1.0 Vxi - 2014,"3,57,399","38,766 kms ",Petrol,2014,Maruti
Maruti Suzuki Eeco - 2019,"4,94,199","8,409 kms ",Petrol,2019,Maruti
Renault Kwid RxL - 2019,"4,24,099","20,718 kms ",Petrol,2019,Renault
Maruti Suzuki Baleno - 2017,"5,98,299","51,125 kms ",Petrol,2017,Maruti
Hyundai Grand i10 SportZ Edition - 2014,"4,77,599","64,459 kms ",Petrol,2014,Hyundai
Maruti Suzuki Swift Dzire VXi 1.2 BS IV - 2014,"4,47,599","29,467 kms ",Petrol,2014,Maruti
Tata Nexon - 2017,"7,03,999","18,019 kms ",Petrol,2017,Tata
Maruti Suzuki Celerio Vxi - 2016,"4,16,099","40,710 kms ",Petrol,2016,Maruti
Maruti Suzuki S Presso - 2021,"5,59,099","1,956 kms ",Petrol,2021,Maruti
Renault Kwid - 2017,"4,63,099","44,696 kms ",Petrol,2017,Renault
Hyundai Grand i10 Magna AT 1.2 Kappa VTVT - 2018,"5,27,099","21,531 kms ",Petrol,2018,Hyundai
Kia Seltos - 2019,"15,17,999","20,989 kms ",Petrol,2019,Kia
Hyundai i20 - 2013,"4,31,099","33,901 kms ",Petrol,2013,Hyundai
Hyundai Grand i10 Asta 1.2 Kappa VTVT - 2018,"5,39,799","54,696 kms ",Petrol,2018,Hyundai
MG Motors Hector Sharp 2.0 Diesel - 2019,"18,00,299","11,292 kms ",Diesel,2019,MG
Renault Duster 110 PS RxZ Diesel Plus - 2020,"10,25,000","14,000 kms ",Diesel,2020,Renault
Mahindra Logan - 2007,"1,29,000","97,000 kms ",Diesel,2007,Mahindra
Tata Indigo CS - 2007,"79,000","85,000 kms ",Diesel,2007,Tata
Ford EcoSport Trend 1.5L TDCi - 2014,"5,25,000","50,000 kms ",Diesel,2014,Ford
Honda Jazz VX MT - 2016,"5,65,000","53,000 kms ",Petrol,2016,Honda
Maruti Suzuki Wagon R VXI BS IV - 2016,"4,35,000","27,000 kms ",Petrol,2016,Maruti
Maruti Suzuki Wagon R 1.0 VXi AMT O - 2016,"4,25,000","52,000 kms ",Petrol,2016,Maruti
Honda City ZX VTEC - 2007,"2,50,000","1,49,000 kms ",Petrol,2007,Honda
Hyundai Grand i10 SPORTZ O 1.2 AT VTVT - 2017,"6,16,599","27,317 kms ",Petrol,2017,Hyundai
Hyundai Xcent - 2014,"4,66,599","79,784 kms ",Petrol,2014,Hyundai
Audi Q3 - 2015,"16,56,999","73,656 kms ",Diesel,2015,Audi
Tata Tiago - 2018,"5,62,999","27,664 kms ",Petrol,2018,Tata
Hyundai Verna FLUIDIC 1.6 EX VTVT - 2012,"4,88,899","41,898 kms ",Petrol,2012,Hyundai
Maruti Suzuki S Presso VXi Plus - 2021,"5,14,599","4,889 kms ",Petrol,2021,Maruti
Hyundai Grand i10 - 2015,"4,95,299","39,836 kms ",Petrol,2015,Hyundai
Honda Jazz - 2016,"7,52,399","16,108 kms ",Petrol,2016,Honda
Hyundai Grand i10 - 2015,"4,74,799","46,111 kms ",Petrol,2015,Hyundai
Maruti Suzuki Ciaz - 2018,"8,49,599","23,761 kms ",Petrol,2018,Maruti
Maruti Suzuki S Cross Zeta 1.3 - 2016,"6,63,199","1,46,782 kms ",Diesel,2016,Maruti
Hyundai Grand i10 ASTA 1.2 AT VTVT - 2016,"5,66,699","26,597 kms ",Petrol,2016,Hyundai
Maruti Suzuki Eeco - 2018,"4,71,199","12,323 kms ",Petrol,2018,Maruti
Renault Kwid RXL - 2017,"3,85,499","3,230 kms ",Petrol,2017,Renault
Maruti Suzuki Swift Vxi - 2016,"4,91,599","62,059 kms ",Petrol,2016,Maruti
Maruti Suzuki Baleno - 2019,"7,25,699","28,188 kms ",Petrol,2019,Maruti
Maruti Suzuki Wagon R VXi BS III - 2013,"3,50,000","55,000 kms ",Petrol,2013,Maruti
Maruti Suzuki SX4 Zxi with Leather BSIII - 2009,"2,10,000","79,000 kms ",Petrol,2009,Maruti
Tata Tiago XZA 1.2 REVOTRON - 2017,"4,60,000","55,000 kms ",Petrol,2017,Tata
BMW 5 Series 523i Sedan - 2010,"9,90,000","49,000 kms ",Petrol,2010,BMW
Tata Indica Vista Aura 1.2 Safire BSIV - 2009,"1,90,000","56,000 kms ",Petrol,2009,Tata
Maruti Suzuki Ertiga ZXI Plus - 2014,"6,25,000","83,000 kms ",Petrol,2014,Maruti
Maruti Suzuki Baleno Zeta 1.2 - 2016,"5,90,000","39,226 kms ",Petrol,2016,Maruti
Maruti Suzuki Swift ZXI ABS - 2019,"7,40,000","33,901 kms ",Petrol,2019,Maruti
Hyundai Grand i10 - 2019,"6,40,099","32,877 kms ",Petrol,2019,Hyundai
Maruti Suzuki Ignis - 2019,"5,75,099","17,283 kms ",Petrol,2019,Maruti
Maruti Suzuki Ertiga ZDI Plus SHVS - 2018,"10,81,899","86,033 kms ",Diesel,2018,Maruti
Volkswagen Polo - 2018,"7,26,399","17,419 kms ",Petrol,2018,Volkswagen
Maruti Suzuki Eeco - 2019,"4,80,399","24,416 kms ",Petrol,2019,Maruti
Renault Kwid RxL - 2017,"3,69,599","26,700 kms ",Petrol,2017,Renault
Maruti Suzuki Swift Dzire VXi 1.2 BS IV - 2014,"4,51,399","28,979 kms ",Petrol,2014,Maruti
Maruti Suzuki Eeco 5 STR WITH AC PLUSHTR - 2019,"4,94,099","27,150 kms ",Petrol,2019,Maruti
Ford EcoSport - 2020,"12,40,899","3,195 kms ",Petrol,2020,Ford
Hyundai Eon Era Plus - 2013,"2,86,199","26,761 kms ",Petrol,2013,Hyundai
Hyundai Grand i10 Sportz 1.2 Kappa VTVT - 2017,"5,09,399","71,992 kms ",Petrol,2017,Hyundai
Maruti Suzuki Alto K10 Vxi - 2016,"3,78,099","27,239 kms ",Petrol,2016,Maruti
Honda Jazz - 2016,"5,86,699","36,244 kms ",Petrol,2016,Honda
Maruti Suzuki Vitara Brezza - 2019,"9,06,899","69,807 kms ",Diesel,2019,Maruti
Maruti Suzuki Vitara Brezza ZDi - 2019,"8,82,199","31,803 kms ",Diesel,2019,Maruti
Honda Jazz - 2015,"5,07,999","92,373 kms ",Petrol,2015,Honda
Toyota Etios GD - 2013,"2,40,000","2,00,000 kms ",Diesel,2013,Toyota
Ford EcoSport Titanium Plus 1.5L TDCi - 2016,"8,25,000","46,000 kms ",Diesel,2016,Ford
Hyundai Creta 1.6 SX PLUS DIESEL - 2017,Ask For Price,"72,000 kms ",Diesel,2017,Hyundai
Toyota Innova 2.5 VX 7 STR - 2011,"8,45,000","1,79,000 kms ",Diesel,2011,Toyota
Hyundai Grand i10 MAGNA 1.2 VTVT - 2016,"4,75,000","59,000 kms ",Petrol,2016,Hyundai
Hyundai Creta 1.6 SX PLUS DIESEL - 2017,"13,25,000","72,000 kms ",Diesel,2017,Hyundai
Hyundai Creta 1.6 SX - 2017,"12,45,000","56,000 kms ",Diesel,2017,Hyundai
Mahindra XUV 500 W8 - 2014,"9,75,000","87,000 kms ",Diesel,2014,Mahindra
Maruti Suzuki Vitara Brezza - 2016,"7,82,999","59,612 kms ",Diesel,2016,Maruti
Ford Ecosport - 2014,"6,23,399","30,212 kms ",Petrol,2014,Ford
Maruti Suzuki Ignis - 2018,"5,48,699","18,113 kms ",Petrol,2018,Maruti
Maruti Suzuki Alto K10 VXi Opt - 2018,"3,97,099","48,435 kms ",Petrol,2018,Maruti
Maruti Suzuki Wagon R 1.0 Vxi - 2015,"3,92,099","29,297 kms ",Petrol,2015,Maruti
Maruti Suzuki Wagon R 1.0 Vxi - 2012,"3,54,599","53,525 kms ",Petrol,2012,Maruti
Honda Amaze - 2018,"7,19,599","15,890 kms ",Petrol,2018,Honda
Honda WR V 1.2 i VTEC VX MT - 2019,"8,34,099","31,694 kms ",Petrol,2019,Honda
Maruti Suzuki Alto K10 Vxi - 2017,"3,65,899","36,279 kms ",Petrol,2017,Maruti
Hyundai i10 Sportz 1.1 iRDE2 - 2015,"4,00,899","33,349 kms ",Petrol,2015,Hyundai
Toyota Etios Liva G - 2012,"3,20,199","1,03,182 kms ",Petrol,2012,Toyota
Hyundai Xcent S 1.2 - 2016,"4,57,399","63,048 kms ",Petrol,2016,Hyundai
Maruti Suzuki Baleno - 2017,"7,17,699","26,358 kms ",Petrol,2017,Maruti
Maruti Suzuki Wagon R 1.0 Vxi - 2017,"4,17,299","18,932 kms ",Petrol,2017,Maruti
Maruti Suzuki Alto 800 Vxi - 2018,"3,23,199","20,369 kms ",Petrol,2018,Maruti
Honda Jazz 1.2 V MT - 2016,"6,33,999","58,769 kms ",Petrol,2016,Honda
Ford EcoSport Trend 1.5 TDCi - 2016,"6,00,000","52,000 kms ",Diesel,2016,Ford
Volkswagen Polo Highline Exquisite P - 2019,"7,95,000","15,000 kms ",Petrol,2019,Volkswagen
Maruti Suzuki Vitara Brezza ZDi - 2019,"10,00,000","70,000 kms ",Diesel,2019,Maruti
Hyundai i20 Asta 1.2 O - 2012,"3,85,000","52,000 kms ",Petrol,2012,Hyundai
Hyundai i20 Asta 1.2 - 2013,"3,95,000","32,000 kms ",Petrol,2013,Hyundai
Toyota Fortuner 3.0 4x4 AT - 2015,"17,50,000","1,55,000 kms ",Diesel,2015,Toyota
Maruti Suzuki Swift Dzire VXi 1.2 BS IV - 2017,"6,00,000","50,000 kms ",Petrol,2017,Maruti
Mahindra Verito Executive D4 - 2015,"3,30,000","1,20,000 kms ",Diesel,2015,Mahindra
Hyundai Creta 1.6 SX CRDI - 2017,"8,75,999","1,23,920 kms ",Diesel,2017,Hyundai
Hyundai EON - 2016,"3,09,399","17,900 kms ",Petrol,2016,Hyundai
Maruti Suzuki Baleno DELTA 1.2 K12 - 2017,"6,58,999","31,041 kms ",Petrol,2017,Maruti
Maruti Suzuki Wagon R 1.0 VXi AMT - 2018,"5,14,099","61,875 kms ",Petrol,2018,Maruti
Hyundai Elite i20 Asta 1.2 - 2016,"6,72,899","29,210 kms ",Petrol,2016,Hyundai
Mahindra TUV300 - 2016,"6,20,099","35,826 kms ",Diesel,2016,Mahindra
Ford Freestyle - 2019,"7,33,999","29,364 kms ",Petrol,2019,Ford
Renault Triber - 2021,"6,64,699","16,304 kms ",Petrol,2021,Renault
Maruti Suzuki Swift Dzire VXi 1.2 BS IV - 2015,"4,54,299","95,731 kms ",Petrol,2015,Maruti
Maruti Suzuki Swift Lxi - 2010,"3,57,499","31,011 kms ",Petrol,2010,Maruti
Maruti Suzuki Swift Dzire VXi 1.2 BS IV - 2014,"4,47,599","30,601 kms ",Petrol,2014,Maruti
Maruti Suzuki S Presso Vxi O  - 2019,"4,22,299","14,568 kms ",Petrol,2019,Maruti
Toyota Etios V - 2012,"4,49,699","89,559 kms ",Petrol,2012,Toyota
Hyundai Grand i10 Sportz 1.2 Kappa VTVT - 2014,"4,93,499","48,834 kms ",Petrol,2014,Hyundai
Hyundai Elite i20 Asta 1.4 CRDI - 2014,"6,05,699","74,190 kms ",Diesel,2014,Hyundai
Ford EcoSport Titanium 1.5 Ti VCT AT - 2016,"7,55,099","43,077 kms ",Petrol,2016,Ford
Maruti Suzuki Swift VXi 1.2 ABS BS IV - 2015,"4,90,000","58,000 kms ",Petrol,2015,Maruti
Honda City 1.5 S MT - 2011,"4,50,000","99,000 kms ",Petrol,2011,Honda
Tata Indigo CS LX TDI - 2009,"1,60,000","88,500 kms ",Diesel,2009,Tata
Chevrolet Beat LT Diesel - 2012,"2,15,000","85,000 kms ",Diesel,2012,Chevrolet
Honda City ZX CVT - 2019,"11,50,000","29,000 kms ",Petrol,2019,Honda
Maruti Suzuki Wagon R 1.0 VXi AMT - 2015,"3,49,000","65,000 kms ",Petrol,2015,Maruti
MG Motors Hector Sharp 1.5 DCT Petrol - 2020,"14,01,000","16,000 kms ",Petrol,2020,MG
MG Motors Hector Sharp 1.5 DCT Petrol - 2020,"14,01,000","16,000 kms ",Petrol,2020,MG
Maruti Suzuki Eeco - 2018,"4,32,699","17,981 kms ",Petrol,2018,Maruti
Maruti Suzuki Eeco - 2018,"4,18,599","20,780 kms ",Petrol,2018,Maruti
Maruti Suzuki Alto 800 Lxi - 2014,"2,75,799","56,719 kms ",Petrol,2014,Maruti
Maruti Suzuki Wagon R 1.0 Vxi - 2015,"4,56,199","31,108 kms ",Petrol,2015,Maruti
Honda City - 2016,"7,28,499","33,611 kms ",Petrol,2016,Honda
Maruti Suzuki Alto K10 - 2019,"4,31,599","43,700 kms ",Petrol,2019,Maruti
Maruti Suzuki Ignis - 2017,"5,33,099","49,920 kms ",Petrol,2017,Maruti
Maruti Suzuki Swift Dzire VXi 1.2 BS IV - 2014,"4,51,399","57,338 kms ",Petrol,2014,Maruti
Hyundai Venue S MT 1.2 KAPPA - 2020,"8,40,699","23,096 kms ",Petrol,2020,Hyundai
Maruti Suzuki Swift Vxi - 2016,"4,86,499","48,732 kms ",Petrol,2016,Maruti
Honda City - 2012,"4,50,199","67,924 kms ",Petrol,2012,Honda
Maruti Suzuki Wagon R 1.0 Vxi - 2014,"4,18,999","30,418 kms ",Petrol,2014,Maruti
Honda City - 2014,"6,21,299","50,593 kms ",Petrol,2014,Honda
Hyundai i20 Active 1.2 S - 2016,"5,08,399","1,36,381 kms ",Petrol,2016,Hyundai
Maruti Suzuki Celerio VXi AMT - 2015,"3,90,999","46,943 kms ",Petrol,2015,Maruti
Maruti Suzuki Swift ZXI - 2017,"6,75,099","36,277 kms ",Petrol,2017,Maruti
BMW X5 xDrive30d Pure Experience 7 Seater - 2014,"36,00,000","1,10,000 kms ",Diesel,2014,BMW
Kia Seltos HTX Plus 1.5 Diesel - 2021,"15,01,000","5,600 kms ",Diesel,2021,Kia
Maruti Suzuki Swift ZDI  - 2019,"8,25,000","44,000 kms ",Diesel,2019,Maruti
Maruti Suzuki Ertiga ZXI Plus - 2019,"11,00,000","40,000 kms ",Petrol,2019,Maruti
Kia Seltos HTX Plus 1.5 Diesel - 2021,"15,01,000","5,600 kms ",Diesel,2021,Kia
Maruti Suzuki Wagon R 1.0 LXi - 2007,"1,30,000","45,000 kms ",Petrol,2007,Maruti
Toyota Etios GD - 2012,"3,25,000","1,50,000 kms ",Diesel,2012,Toyota
Tata Indigo CS LX TDI BS III - 2016,"2,10,000","90,000 kms ",Diesel,2016,Tata
Hyundai Xcent - 2015,"4,64,199","70,359 kms ",Diesel,2015,Hyundai
Hyundai EON Era Plus - 2017,"3,43,999","42,205 kms ",Petrol,2017,Hyundai
Nissan Micra - 2015,"4,41,499","60,539 kms ",Petrol,2015,Nissan
Maruti Suzuki Dzire Vxi - 2019,"6,84,999","16,533 kms ",Petrol,2019,Maruti
Volkswagen Polo - 2017,"8,15,399","26,596 kms ",Petrol,2017,Volkswagen
Hyundai Grand i10 - 2016,"4,68,999","30,912 kms ",Petrol,2016,Hyundai
Hyundai Venue - 2019,"11,94,799","17,951 kms ",Diesel,2019,Hyundai
Volkswagen Polo - 2015,"5,99,899","36,928 kms ",Petrol,2015,Volkswagen
Maruti Suzuki Dzire VXI - 2018,"7,10,199","22,854 kms ",Petrol,2018,Maruti
Hyundai i20 - 2014,"4,74,399","89,156 kms ",Petrol,2014,Hyundai
Maruti Suzuki Baleno - 2019,"7,01,399","41,999 kms ",Petrol,2019,Maruti
Honda City - 2017,"8,34,599","66,145 kms ",Petrol,2017,Honda
Maruti Suzuki Alto 800 Lxi - 2017,"3,33,699","29,157 kms ",Petrol,2017,Maruti
Hyundai EON Era Plus - 2017,"3,49,799","33,882 kms ",Petrol,2017,Hyundai
Hyundai EON Era Plus - 2013,"2,86,199","29,379 kms ",Petrol,2013,Hyundai
Maruti Suzuki Alto Vxi - 2019,"3,86,699","17,352 kms ",Petrol,2019,Maruti
Toyota Fortuner 3.0 4x4 MT - 2011,"10,50,000","1,95,000 kms ",Diesel,2011,Toyota
Maruti Suzuki Swift VXi 1.2 ABS BS IV - 2020,"6,95,000","16,189 kms ",Petrol,2020,Maruti
Maruti Suzuki Swift Dzire VDi ABS - 2018,"6,95,000","41,341 kms ",Diesel,2018,Maruti
Tata Tiago Revotorq XZ - 2019,"5,50,000","62,000 kms ",Diesel,2019,Tata
Maruti Suzuki Celerio ZXi Opt - 2019,Ask For Price,"32,000 kms ",Petrol,2019,Maruti
Hyundai Creta 1.6 EX CRDI - 2021,"13,00,000","19,000 kms ",Diesel,2021,Hyundai
Maruti Suzuki Ritz GENUS VXI - 2011,"2,25,000","56,000 kms ",Petrol,2011,Maruti
Maruti Suzuki Wagon R VXI BS IV - 2010,"2,50,000","91,000 kms ",Petrol,2010,Maruti
Renault Triber - 2019,"6,59,199","13,486 kms ",Petrol,2019,Renault
Hyundai Grand i10 - 2018,"5,72,599","33,562 kms ",Petrol,2018,Hyundai
Hyundai Verna - 2018,"11,71,199","13,691 kms ",Petrol,2018,Hyundai
Hyundai Grand i10 Sportz 1.2 Kappa VTVT - 2017,"5,57,199","31,980 kms ",Petrol,2017,Hyundai
Hyundai Grand i10 - 2016,"5,31,399","69,526 kms ",Petrol,2016,Hyundai
Maruti Suzuki Alto K10 VXi AMT - 2016,"4,26,199","21,492 kms ",Petrol,2016,Maruti
Maruti Suzuki Celerio VXi AMT - 2016,"4,32,999","47,425 kms ",Petrol,2016,Maruti
Hyundai Grand i10 Magna 1.2 Kappa VTVT - 2016,"4,58,399","40,988 kms ",Petrol,2016,Hyundai
Jeep Compass - 2018,"14,65,199","51,983 kms ",Diesel,2018,Jeep
Maruti Suzuki Vitara Brezza VDi - 2018,"7,83,099","69,376 kms ",Diesel,2018,Maruti
Maruti Suzuki Swift Vxi - 2017,"5,62,399","33,094 kms ",Petrol,2017,Maruti
Tata Tiago - 2017,"5,29,199","26,237 kms ",Petrol,2017,Tata
Honda Brio - 2015,"4,47,199","42,415 kms ",Petrol,2015,Honda
Hyundai Creta - 2016,"9,44,099","1,12,308 kms ",Diesel,2016,Hyundai
Maruti Suzuki Celerio ZXI - 2017,"4,52,099","61,427 kms ",Petrol,2017,Maruti
MG Motors Hector Sharp 2.0 Diesel - 2019,"19,17,599","10,205 kms ",Diesel,2019,MG
Maruti Suzuki Alto LXi BS III - 2011,"1,79,000","67,000 kms ",Petrol,2011,Maruti
Toyota Innova 2.5 V 7 STR - 2010,"7,75,000","1,60,000 kms ",Diesel,2010,Toyota
Maruti Suzuki Ertiga - 2013,"4,25,000","53,000 kms ",Diesel,2013,Maruti
Maruti Suzuki Swift 2017 - 2017,"5,50,000","59,888 kms ",Petrol,2017,Maruti
Maruti Suzuki Ciaz ALPHA 1.5 AT VTVT SHVS - 2018,"7,95,000","58,492 kms ",Petrol,2018,Maruti
Honda City 1.5 V MT - 2011,"3,50,888","45,000 kms ",Petrol,2011,Honda
Maruti Suzuki Swift VDi - 2012,"2,75,000","48,000 kms ",Diesel,2012,Maruti
Tata Nexon XZ Plus - 2018,"8,90,000","34,000 kms ",Petrol,2018,Tata
Maruti Suzuki Swift VDi ABS - 2017,"5,80,599","75,691 kms ",Diesel,2017,Maruti
Maruti Suzuki Alto 800 Lxi - 2013,"2,23,299","84,301 kms ",Petrol,2013,Maruti
Tata Tiago - 2019,"6,00,399","38,346 kms ",Petrol,2019,Tata
Maruti Suzuki Alto K10 VXi Opt - 2017,"3,67,399","41,530 kms ",Petrol,2017,Maruti
Ford Ecosport - 2017,"7,04,099","23,049 kms ",Petrol,2017,Ford
Maruti Suzuki Wagon R 1.0 Vxi - 2016,"3,77,899","74,510 kms ",Petrol,2016,Maruti
Maruti Suzuki Wagon R 1.0 VXi - 2016,"4,58,699","20,141 kms ",Petrol,2016,Maruti
Ford Ecosport - 2015,"5,66,199","85,860 kms ",Petrol,2015,Ford
Maruti Suzuki Swift Dzire ZDI AMT - 2017,"5,94,599","63,133 kms ",Diesel,2017,Maruti
Maruti Suzuki Dzire Vxi - 2018,"6,78,699","71,894 kms ",Petrol,2018,Maruti
Renault Duster - 2017,"8,83,099","95,627 kms ",Diesel,2017,Renault
Ford Ecosport - 2014,"5,78,099","75,324 kms ",Diesel,2014,Ford
Maruti Suzuki Alto K10 Vxi - 2015,"3,05,899","64,611 kms ",Petrol,2015,Maruti
Maruti Suzuki Celerio ZXi AMT - 2016,"4,57,399","77,128 kms ",Petrol,2016,Maruti
Maruti Suzuki Alto 800 Lxi - 2016,"3,16,799","36,306 kms ",Petrol,2016,Maruti
Hyundai i20 Asta 1.2 - 2011,"3,99,999","83,803 kms ",Petrol,2011,Hyundai
Mahindra XUV 500 W8 - 2018,"11,00,000","44,000 kms ",Diesel,2018,Mahindra
Mahindra KUV100 K4 Plus D 5 STR - 2018,"3,25,000","1,08,000 kms ",Diesel,2018,Mahindra
Hyundai i20 Era Diesel - 2018,"5,50,000","55,000 kms ",Diesel,2018,Hyundai
Honda City 1.5 V MT - 2020,"9,90,888",700 kms ,Petrol,2020,Honda
Mahindra Jeep CL 500 MDI - 2020,"4,80,000",25 kms ,Diesel,2020,Mahindra
Maruti Suzuki Gypsy King Hard Top - 2018,"5,00,000",258 kms ,Petrol,2018,Maruti
Maruti Suzuki Swift VDi - 2011,"3,90,000","81,152 kms ",Diesel,2011,Maruti
Toyota Fortuner 3.0 AT 4X2 - 2015,"17,50,000","1,55,000 kms ",Diesel,2015,Toyota
Hyundai i20 Asta 1.2 - 2011,"3,99,999","83,803 kms ",Petrol,2011,Hyundai
Hyundai Creta 1.6 SX Plus Petrol - 2017,"8,41,499","75,398 kms ",Petrol,2017,Hyundai
Honda City ZX CVT - 2017,"10,16,899","42,317 kms ",Petrol,2017,Honda
Maruti Suzuki Swift ZDI AMT - 2018,"7,48,599","60,214 kms ",Diesel,2018,Maruti
Maruti Suzuki Swift VDi - 2017,"6,22,099","58,861 kms ",Diesel,2017,Maruti
Volkswagen Polo - 2016,"5,30,699","27,995 kms ",Petrol,2016,Volkswagen
Maruti Suzuki Celerio VXi AMT - 2017,"4,71,899","61,018 kms ",Petrol,2017,Maruti
Maruti Suzuki Swift Vxi - 2015,"5,05,399","67,109 kms ",Petrol,2015,Maruti
Maruti Suzuki Wagon R 1.0 VXi Opt - 2017,"4,60,299","81,811 kms ",Petrol,2017,Maruti
Hyundai Verna 1.6 SX VTVT - 2017,"6,83,999","27,357 kms ",Petrol,2017,Hyundai
Volkswagen Polo HIGHLINE1.2L PETROL - 2018,"6,39,699","53,293 kms ",Petrol,2018,Volkswagen
Maruti Suzuki Celerio - 2017,"5,10,499","45,260 kms ",Petrol,2017,Maruti
Hyundai Venue - 2019,"11,85,499","3,139 kms ",Petrol,2019,Hyundai
Maruti Suzuki Celerio VXi AMT - 2017,"4,71,899","44,690 kms ",Petrol,2017,Maruti
Hyundai Santro ASTA 1.1 MT - 2019,"5,79,899","13,858 kms ",Petrol,2019,Hyundai
Maruti Suzuki Alto 800 Lxi - 2017,"3,33,699","25,256 kms ",Petrol,2017,Maruti
Hyundai i20 Magna 1.4 CRDI - 2012,"3,85,000","94,000 kms ",Diesel,2012,Hyundai
Honda Amaze 1.2 S i VTEC - 2016,"3,75,888","47,000 kms ",Petrol,2016,Honda
Hyundai Santa Fe 4 WD AT - 2012,"7,75,000","1,26,000 kms ",Diesel,2012,Hyundai
Mahindra XUV 500 W8 - 2015,"7,78,888","46,000 kms ",Diesel,2015,Mahindra
Audi Q5 2.0 TDI quattro Premium Plus - 2014,"18,50,000","75,000 kms ",Diesel,2014,Audi
Mercedes Benz GLE Coupe 450 AMG - 2019,"75,00,000","35,000 kms ",Petrol,2019,Mercedes
Volvo XC60 D3 Kinetic - 2012,"17,50,000","86,000 kms ",Diesel,2012,Volvo
Volkswagen Polo COMFORTLINE 1.2L PETROL - 2017,"5,82,899","15,227 kms ",Petrol,2017,Volkswagen
Volkswagen Polo - 2014,"4,14,099","87,375 kms ",Diesel,2014,Volkswagen
Maruti Suzuki Eeco - 2020,"5,16,599","7,679 kms ",Petrol,2020,Maruti
Maruti Suzuki Alto K10 VXi - 2016,"3,66,299","48,378 kms ",Petrol,2016,Maruti
Maruti Suzuki Wagon R 1.0 Vxi - 2014,"3,75,899","54,645 kms ",Petrol,2014,Maruti
Maruti Suzuki Eeco - 2019,"4,93,899","7,211 kms ",Petrol,2019,Maruti
Datsun Redi GO - 2017,"3,11,399","37,217 kms ",Petrol,2017,Datsun
Maruti Suzuki Eeco 5 STR WITH AC PLUSHTR - 2019,"4,93,899","32,372 kms ",Petrol,2019,Maruti
Maruti Suzuki Wagon R 1.0 Vxi - 2018,"5,01,999","37,947 kms ",Petrol,2018,Maruti
Hyundai Grand i10 Sportz 1.2 Kappa VTVT - 2014,"4,09,399","51,886 kms ",Petrol,2014,Hyundai
Toyota Innova Crysta 2.4 VX 8 STR - 2018,"17,37,899","43,187 kms ",Diesel,2018,Toyota
Hyundai i20 Active 1.4 SX - 2015,"5,83,999","33,616 kms ",Diesel,2015,Hyundai
Volkswagen Vento - 2015,"6,54,299","91,087 kms ",Diesel,2015,Volkswagen
Ford Ecosport - 2018,"9,86,699","26,372 kms ",Petrol,2018,Ford
Maruti Suzuki Celerio VXi - 2014,"4,14,199","58,762 kms ",Petrol,2014,Maruti
Hyundai Elite i20 Asta 1.4 CRDI - 2016,"5,88,099","1,01,920 kms ",Diesel,2016,Hyundai
Maruti Suzuki Swift VXi 1.2 BS IV - 2014,"4,90,000","44,000 kms ",Petrol,2014,Maruti
Mahindra Scorpio 2.6 SLX - 2007,"2,25,000","85,000 kms ",Diesel,2007,Mahindra
Maruti Suzuki Vitara Brezza VDI OPT - 2017,"7,75,000","64,000 kms ",Diesel,2017,Maruti
Kia Sonet - 2021,"10,50,000","13,000 kms ",Diesel,2021,Kia
Honda Amaze 1.5 SMT I DTEC - 2015,"4,25,000","76,000 kms ",Diesel,2015,Honda
Maruti Suzuki Alto K10 VXi AMT - 2015,"2,75,000","45,000 kms ",Petrol,2015,Maruti
Tata Nexon XZ Plus Diesel Dual Tone - 2019,"8,75,000","63,088 kms ",Diesel,2019,Tata
Maruti Suzuki Alto 800 Lxi - 2013,"2,50,000","54,123 kms ",Petrol,2013,Maruti
Hyundai i20 Active 1.2 S - 2015,"5,67,399","35,140 kms ",Petrol,2015,Hyundai
Maruti Suzuki Ciaz - 2018,"8,05,099","50,842 kms ",Diesel,2018,Maruti
Honda Amaze - 2015,"4,92,199","43,412 kms ",Petrol,2015,Honda
Honda Jazz - 2016,"4,95,799","46,201 kms ",Petrol,2016,Honda
Maruti Suzuki S Cross - 2017,"11,13,599","63,626 kms ",Diesel,2017,Maruti
Maruti Suzuki Alto 800 Lxi - 2016,"2,99,999","18,251 kms ",Petrol,2016,Maruti
Maruti Suzuki Baleno - 2016,"5,92,099","41,019 kms ",Petrol,2016,Maruti
Renault Kwid RXT - 2015,"3,22,299","46,463 kms ",Petrol,2015,Renault
Renault Kwid - 2017,"4,81,999","20,110 kms ",Petrol,2017,Renault
Hyundai Grand i10 Sportz 1.2 Kappa VTVT - 2016,"5,34,599","17,364 kms ",Petrol,2016,Hyundai
MG Motors Hector - 2020,"16,81,899","6,760 kms ",Petrol,2020,MG
Maruti Suzuki Celerio Vxi - 2016,"4,29,599","35,109 kms ",Petrol,2016,Maruti
Honda Amaze - 2018,"7,23,799","44,266 kms ",Petrol,2018,Honda
Volkswagen Polo - 2017,"5,63,299","39,156 kms ",Petrol,2017,Volkswagen
Maruti Suzuki Alto K10 Vxi - 2011,"2,14,199","57,993 kms ",Petrol,2011,Maruti
Maruti Suzuki Alto K10 VXi - 2015,"3,19,399","51,573 kms ",Petrol,2015,Maruti
Fiat Punto Emotion 1.2 - 2011,"1,80,000","88,000 kms ",Petrol,2011,Fiat
Hyundai i20 Sportz 1.2 - 2014,"4,15,000","67,000 kms ",Petrol,2014,Hyundai
Maruti Suzuki Swift VDi - 2011,"3,50,000","73,000 kms ",Diesel,2011,Maruti
Hyundai Elite i20 Magna 1.4 AT - 2015,"4,30,000","39,000 kms ",Petrol,2015,Hyundai
Mahindra XUV 500 W6 - 2012,"4,50,000","87,500 kms ",Diesel,2012,Mahindra
Honda Accord 2.4 MT - 2006,"3,25,000","86,000 kms ",Petrol,2006,Honda
Hyundai Grand i10 1.2 ASTA O AT - 2017,"5,65,000","19,900 kms ",Petrol,2017,Hyundai
Nissan Terrano XV D THP Premium 110 PS - 2013,"8,80,000","22,000 kms ",Diesel,2013,Nissan
Maruti Suzuki Vitara Brezza ZDi - 2016,"8,10,399","78,329 kms ",Diesel,2016,Maruti
Maruti Suzuki Ertiga VDI SHVS - 2016,"7,88,999","61,977 kms ",Diesel,2016,Maruti
Mahindra KUV100 K6 D 6 STR - 2016,"5,08,799","58,640 kms ",Diesel,2016,Mahindra
Renault Kwid - 2018,"4,57,099","40,650 kms ",Petrol,2018,Renault
Volkswagen Polo - 2019,"6,12,899","19,121 kms ",Petrol,2019,Volkswagen
Ford Ecosport - 2016,"6,84,099","85,893 kms ",Diesel,2016,Ford
Renault Triber - 2019,"7,16,699","9,874 kms ",Petrol,2019,Renault
Hyundai Grand i10 - 2016,"5,01,599","25,202 kms ",Petrol,2016,Hyundai
Hyundai Grand i10 - 2016,"5,09,699","95,999 kms ",Petrol,2016,Hyundai
Maruti Suzuki Alto K10 Vxi - 2014,"3,37,799","49,074 kms ",Petrol,2014,Maruti
Hyundai Verna 1.6 SX VTVT - 2017,"8,52,399","52,439 kms ",Petrol,2017,Hyundai
Mahindra XUV 500 - 2020,"17,84,699","10,813 kms ",Diesel,2020,Mahindra
Hyundai Creta - 2016,"7,78,199","1,27,971 kms ",Petrol,2016,Hyundai
Maruti Suzuki Swift ZDI AMT - 2018,"7,05,099","1,14,108 kms ",Diesel,2018,Maruti
Hyundai Grand i10 - 2017,"5,57,599","52,030 kms ",Diesel,2017,Hyundai
Mahindra XUV 500 - 2018,"15,18,099","44,721 kms ",Diesel,2018,Mahindra
Mahindra Marazzo M6 7 STR - 2018,"11,90,000","50,000 kms ",Diesel,2018,Mahindra
Skoda Laura Ambition 2.0 TDI CR MT - 2011,"5,90,000","95,000 kms ",Diesel,2011,Skoda
Tata Harrier XZ Dash Edition - 2020,"19,80,000","17,000 kms ",Diesel,2020,Tata
Mahindra XUV 500 W10 1.99 - 2018,"13,50,000","52,500 kms ",Diesel,2018,Mahindra
BMW 5 Series 523i Sedan - 2010,"10,59,000","49,000 kms ",Petrol,2010,BMW
Maruti Suzuki Alto LXi - 2011,"1,85,000","55,000 kms ",Petrol,2011,Maruti
Mahindra Scorpio 2.6 SLX CRDe - 2014,"7,10,000","81,500 kms ",Diesel,2014,Mahindra
Mercedes Benz E Class E250 CDI Launch Edition - 2013,"19,48,888","10,000 kms ",Diesel,2013,Mercedes
Tata Harrier - 2020,"22,72,499","22,667 kms ",Diesel,2020,Tata
Honda City - 2014,"6,26,199","68,519 kms ",Petrol,2014,Honda
Tata Nano - 2015,"2,36,099","64,011 kms ",Petrol,2015,Tata
Maruti Suzuki Alto VXi - 2021,"4,30,499","13,598 kms ",Petrol,2021,Maruti
Maruti Suzuki Wagon R 1.0 Vxi - 2014,"4,42,799","47,037 kms ",Petrol,2014,Maruti
Hyundai Creta - 2018,"13,73,699","69,711 kms ",Petrol,2018,Hyundai
Hyundai Elite i20 Asta 1.2 - 2015,"5,89,299","49,189 kms ",Petrol,2015,Hyundai
Maruti Suzuki Alto 800 Lxi - 2016,"2,98,199","18,368 kms ",Petrol,2016,Maruti
Tata Harrier - 2020,"15,08,799","16,874 kms ",Diesel,2020,Tata
Maruti Suzuki Eeco - 2019,"4,73,699","24,484 kms ",Petrol,2019,Maruti
Maruti Suzuki Baleno - 2019,"6,56,299","20,688 kms ",Petrol,2019,Maruti
Maruti Suzuki Alto K10 Vxi - 2016,"3,45,799","24,065 kms ",Petrol,2016,Maruti
Hyundai Grand i10 Sportz 1.2 Kappa VTVT - 2018,"5,84,599","22,609 kms ",Petrol,2018,Hyundai
Skoda Rapid - 2017,"7,86,799","56,523 kms ",Diesel,2017,Skoda
Hyundai Elite i20 Sportz 1.2 - 2018,"6,24,799","48,031 kms ",Petrol,2018,Hyundai
Hyundai Grand i10 - 2016,"4,72,399","45,578 kms ",Petrol,2016,Hyundai
Hyundai Fluidic Verna 1.6 CRDi SX - 2012,"4,08,888","70,070 kms ",Diesel,2012,Hyundai
Hyundai i10 Magna - 2015,"2,88,888","28,000 kms ",Petrol,2015,Hyundai
Chevrolet Sail 1.2 LS - 2013,"1,98,888","30,030 kms ",Diesel,2013,Chevrolet
Ford Endeavor 4X4 XLT AT - 2011,"8,98,888","25,000 kms ",Diesel,2011,Ford
BMW 3 Series 320d - 2013,"11,48,888","8,000 kms ",Diesel,2013,BMW
Chevrolet Spark - 2010,"79,000","53,000 kms ",Petrol,2010,Chevrolet
Honda City - 2007,"97,000","68,000 kms ",Petrol,2007,Honda
Hyundai Santro GLS - 2007,"1,35,000","58,000 kms ",Petrol,2007,Hyundai
Hyundai Elite i20 Asta 1.2 - 2016,"6,87,199","28,648 kms ",Petrol,2016,Hyundai
Hyundai i10 Magna 1.1 iRDE2 - 2015,"3,87,099","59,819 kms ",Petrol,2015,Hyundai
Maruti Suzuki Baleno - 2018,"6,50,599","19,574 kms ",Petrol,2018,Maruti
Tata Hexa - 2019,"17,05,799","46,337 kms ",Diesel,2019,Tata
Volkswagen Polo - 2015,"5,26,899","73,563 kms ",Petrol,2015,Volkswagen
Honda Jazz - 2016,"6,12,799","51,428 kms ",Petrol,2016,Honda
Maruti Suzuki Alto 800 LXI Option - 2016,"2,69,099","95,754 kms ",Petrol,2016,Maruti
Tata Hexa - 2019,"19,52,199","34,533 kms ",Diesel,2019,Tata
Maruti Suzuki Baleno - 2016,"6,46,299","50,154 kms ",Petrol,2016,Maruti
Maruti Suzuki Celerio Vxi - 2016,"4,25,899","23,492 kms ",Petrol,2016,Maruti
Maruti Suzuki Celerio ZXi AMT - 2017,"4,96,399","37,739 kms ",Petrol,2017,Maruti
Maruti Suzuki Celerio VXi AMT - 2015,"3,93,799","46,178 kms ",Petrol,2015,Maruti
Maruti Suzuki Baleno - 2017,"6,19,599","42,893 kms ",Petrol,2017,Maruti
Maruti Suzuki Alto K10 - 2019,"4,23,599","57,875 kms ",Petrol,2019,Maruti
Hyundai Venue - 2020,"8,31,999","4,832 kms ",Petrol,2020,Hyundai
Renault Triber - 2019,"6,95,099","27,805 kms ",Petrol,2019,Renault
Hyundai Xcent S 1.1 CRDi - 2014,"3,90,000","71,000 kms ",Diesel,2014,Hyundai
Toyota Fortuner 3.0 4x4 MT - 2013,"13,50,000","1,40,000 kms ",Diesel,2013,Toyota
Toyota Innova 2.5 V 7 STR - 2014,"13,50,000","70,000 kms ",Diesel,2014,Toyota
Honda City ZX - 2008,"2,50,000","75,000 kms ",Petrol,2008,Honda
Maruti Suzuki Alto LXi BS III - 2009,"1,45,000","57,000 kms ",Petrol,2009,Maruti
Maruti Suzuki Vitara Brezza ZDi - 2018,"9,80,000","57,000 kms ",Diesel,2018,Maruti
Hyundai Creta 1.4 Base - 2018,"9,80,000","91,000 kms ",Diesel,2018,Hyundai
Hyundai i10 Sportz - 2009,"1,95,000","86,000 kms ",Petrol,2009,Hyundai
Maruti Suzuki Alto K10 Vxi - 2013,"2,61,499","68,844 kms ",Petrol,2013,Maruti
Honda Jazz - 2017,"6,49,699","37,070 kms ",Petrol,2017,Honda
Hyundai Grand i10 Magna 1.2 Kappa VTVT - 2017,"4,94,099","20,393 kms ",Petrol,2017,Hyundai
Maruti Suzuki Alto 800 Lxi - 2017,"3,13,399","22,244 kms ",Petrol,2017,Maruti
Toyota Fortuner - 2016,"21,22,099","47,024 kms ",Diesel,2016,Toyota
Hyundai Elite i20 - 2015,"5,52,799","64,707 kms ",Petrol,2015,Hyundai
Ford Ecosport - 2013,"4,90,099","52,149 kms ",Petrol,2013,Ford
Hyundai Grand i10 - 2017,"6,38,599","11,203 kms ",Petrol,2017,Hyundai
Maruti Suzuki Alto K10 Vxi - 2015,"3,74,799","18,071 kms ",Petrol,2015,Maruti
Hyundai Elite i20 Sportz 1.2 - 2016,"5,17,499","81,412 kms ",Petrol,2016,Hyundai
Maruti Suzuki Swift VXi Opt - 2016,"5,53,899","41,912 kms ",Petrol,2016,Maruti
Maruti Suzuki Swift VXi Opt - 2016,"5,79,199","32,516 kms ",Petrol,2016,Maruti
Hyundai Grand i10 Asta 1.2 Kappa VTVT - 2015,"5,31,999","41,552 kms ",Petrol,2015,Hyundai
Hyundai Grand i10 Sportz 1.2 Kappa VTVT - 2018,"4,96,199","21,790 kms ",Petrol,2018,Hyundai
Maruti Suzuki Baleno - 2019,"6,59,099","34,010 kms ",Petrol,2019,Maruti
Hyundai Elite i20 Magna 1.2 - 2016,"5,34,799","50,050 kms ",Petrol,2016,Hyundai
Maruti Suzuki Ertiga VXI SMART HYBRID - 2019,"9,50,000","2,000 kms ",Petrol,2019,Maruti
Maruti Suzuki Swift VXI BSIII with ABS - 2010,"2,65,000","71,000 kms ",Petrol,2010,Maruti
Hyundai i20 Asta 1.2 - 2015,"6,50,000","52,000 kms ",Diesel,2015,Hyundai
Maruti Suzuki Swift VXi 1.2 ABS BS IV - 2018,"6,50,000","35,000 kms ",Petrol,2018,Maruti
Renault Kwid RXT - 2016,"2,90,000","41,000 kms ",Petrol,2016,Renault
Tata Indigo LX TDI BS III - 2003,"74,999","1,25,000 kms ",Diesel,2003,Tata
Maruti Suzuki Alto LXi BS III - 2006,"1,55,000","85,000 kms ",Petrol,2006,Maruti
Chevrolet Optra - 2005,"69,000","85,000 kms ",Petrol,2005,Chevrolet
Hyundai Grand i10 Sportz 1.2 Kappa VTVT - 2018,"4,96,199","21,790 kms ",Petrol,2018,Hyundai
Maruti Suzuki Wagon R 1.0 Vxi - 2011,"2,98,599","75,822 kms ",Petrol,2011,Maruti
Tata Tiago - 2016,"4,90,199","28,589 kms ",Petrol,2016,Tata
Renault Kwid - 2017,"4,22,999","15,883 kms ",Petrol,2017,Renault
Hyundai Elite i20 ASTA 1.2 O  - 2016,"6,56,399","63,648 kms ",Petrol,2016,Hyundai
Maruti Suzuki Vitara Brezza - 2016,"6,88,599","1,56,931 kms ",Diesel,2016,Maruti
Maruti Suzuki XL6 - 2019,"11,13,299","13,829 kms ",Petrol,2019,Maruti
Maruti Suzuki Baleno - 2016,"6,08,399","28,361 kms ",Petrol,2016,Maruti
Hyundai Grand i10 - 2017,"5,87,399","77,960 kms ",Petrol,2017,Hyundai
Maruti Suzuki Celerio Vxi - 2015,"4,49,699","33,473 kms ",Petrol,2015,Maruti
Maruti Suzuki Eeco - 2019,"4,64,899","29,052 kms ",Petrol,2019,Maruti
Maruti Suzuki Alto 800 Lxi - 2017,"3,02,699","68,041 kms ",Petrol,2017,Maruti
Maruti Suzuki Baleno - 2015,"5,83,299","61,361 kms ",Petrol,2015,Maruti
Honda BRV - 2018,"8,77,999","32,218 kms ",Petrol,2018,Honda
Hyundai i10 Magna 1.1 iRDE2 - 2016,"3,98,499","28,579 kms ",Petrol,2016,Hyundai
Hyundai Grand i10 - 2017,"5,29,399","51,343 kms ",Petrol,2017,Hyundai
Chevrolet Optra - 2005,"69,000","85,000 kms ",Petrol,2005,Chevrolet
Honda City 1.5 V MT Sunroof - 2016,"7,00,000","86,868 kms ",Petrol,2016,Honda
Hyundai Accent - 2002,"79,000","85,000 kms ",Petrol,2002,Hyundai
Maruti Suzuki Swift VXi 1.2 ABS BS IV - 2012,"3,90,000","77,000 kms ",Petrol,2012,Maruti
Honda City V CVT Petrol - 2017,"9,50,000","35,500 kms ",Petrol,2017,Honda
Toyota Glanza G - 2019,"7,25,000","19,942 kms ",Petrol,2019,Toyota
Hyundai i20 Sportz Petrol - 2012,"4,39,000","16,000 kms ",Petrol,2012,Hyundai
Honda City ZX CVT Petrol - 2018,"10,69,999","54,000 kms ",CNG,2018,Honda
Renault Kwid RxL - 2019,"4,22,299","17,357 kms ",Petrol,2019,Renault
Ford Figo Aspire - 2017,"5,89,999","14,517 kms ",Petrol,2017,Ford
Maruti Suzuki Baleno - 2017,"6,61,299","13,517 kms ",Petrol,2017,Maruti
Maruti Suzuki Wagon R 1.0 VXi Opt - 2017,"4,29,099","42,302 kms ",Petrol,2017,Maruti
Maruti Suzuki Celerio Vxi - 2015,"3,89,399","65,783 kms ",Petrol,2015,Maruti
Renault Lodgy - 2015,"6,29,799","1,38,716 kms ",Diesel,2015,Renault
Hyundai i10 Sportz 1.2 AT Kappa2 - 2013,"3,97,299","43,339 kms ",Petrol,2013,Hyundai
Maruti Suzuki Ignis - 2018,"5,46,399","19,526 kms ",Petrol,2018,Maruti
Maruti Suzuki Alto K10 VXi AMT - 2016,"4,12,999","25,673 kms ",Petrol,2016,Maruti
Maruti Suzuki Celerio - 2016,"4,02,799","93,304 kms ",Petrol,2016,Maruti
Hyundai Creta - 2019,"9,15,699","94,409 kms ",Diesel,2019,Hyundai
Maruti Suzuki Celerio VXi AMT - 2014,"3,61,499","66,799 kms ",Petrol,2014,Maruti
Hyundai EON - 2016,"3,57,899","27,339 kms ",Petrol,2016,Hyundai
Renault Kwid - 2018,"4,75,399","9,095 kms ",Petrol,2018,Renault
Maruti Suzuki Eeco - 2019,"4,85,299","21,934 kms ",Petrol,2019,Maruti
Maruti Suzuki Baleno - 2016,"6,43,599","51,706 kms ",Petrol,2016,Maruti
Honda City ZX CVT Petrol - 2018,"10,69,999","54,000 kms ",CNG,2018,Honda
Honda City ZX CVT Petrol - 2018,"10,69,999","54,000 kms ",CNG,2018,Honda
Honda City ZX CVT Petrol - 2018,"10,69,999","54,000 kms ",CNG,2018,Honda
Hyundai i20 Asta 1.2 - 2009,"2,55,000","90,000 kms ",Petrol,2009,Hyundai
Tata Hexa - 2019,"15,00,000","85,000 kms ",Diesel,2019,Tata
Mahindra XUV 500 W8 - 2014,"6,50,000","89,000 kms ",Diesel,2014,Mahindra
Hyundai Santro Xing GL Plus - 2010,"1,75,000","45,000 kms ",Petrol,2010,Hyundai
Honda WRV VX MT Petrol - 2018,"7,35,000","34,000 kms ",Petrol,2018,Honda
Maruti Suzuki Wagon R 1.0 VXi AMT - 2018,"4,38,199","31,281 kms ",Petrol,2018,Maruti
Honda City - 2019,"9,24,599","46,312 kms ",Petrol,2019,Honda
Hyundai Elite i20 - 2018,"6,64,099","32,989 kms ",Petrol,2018,Hyundai
Renault Kwid - 2018,"4,62,299","50,599 kms ",Petrol,2018,Renault
Honda Brio - 2016,"4,38,499","26,127 kms ",Petrol,2016,Honda
Maruti Suzuki Vitara Brezza - 2016,"6,80,999","58,118 kms ",Diesel,2016,Maruti
Maruti Suzuki Alto K10 Vxi O AMT - 2019,"3,93,199","23,534 kms ",Petrol,2019,Maruti
Maruti Suzuki Baleno - 2018,"6,46,799","58,978 kms ",Petrol,2018,Maruti
Maruti Suzuki Wagon R 1.0 Vxi - 2014,"3,49,999","33,103 kms ",Petrol,2014,Maruti
Maruti Suzuki Eeco - 2018,"4,19,599","14,600 kms ",Petrol,2018,Maruti
Maruti Suzuki Baleno - 2016,"5,85,099","26,049 kms ",Petrol,2016,Maruti
Ford Freestyle - 2018,"6,27,799","33,895 kms ",Diesel,2018,Ford
Volkswagen Polo - 2017,"5,20,799","32,893 kms ",Petrol,2017,Volkswagen
Maruti Suzuki Swift Dzire VXi 1.2 BS IV - 2013,"4,10,199","61,717 kms ",Petrol,2013,Maruti
Maruti Suzuki Wagon R 1.0 Vxi - 2017,"4,04,399","82,334 kms ",Petrol,2017,Maruti
Hyundai Verna - 2017,"6,82,799","87,381 kms ",Petrol,2017,Hyundai
Land Rover Range Rover Evoque HSE Dynamic - 2017,"44,90,000","51,000 kms ",Diesel,2017,Land
Honda City ZX GXi - 2008,"1,50,000","85,000 kms ",Petrol,2008,Honda
Toyota Innova 2.5 Z Diesel 7 Seater - 2013,"11,75,000","2,10,000 kms ",Diesel,2013,Toyota
Maruti Suzuki Ciaz ZDi Plus SHVS - 2019,"9,75,000","24,200 kms ",Petrol,2019,Maruti
MG Motors Hector Super 2.0 Diesel - 2021,"20,00,000","28,000 kms ",Diesel,2021,MG
Mahindra Bolero SLE BS IV - 2015,Ask For Price,"62,000 kms ",Petrol,2015,Mahindra
Mahindra Bolero ZLX BS IV - 2012,"5,35,000","1,35,000 kms ",Diesel,2012,Mahindra
Ford Ecosport - 2019,"10,45,799","34,642 kms ",Petrol,2019,Ford
Maruti Suzuki Swift Dzire VXi 1.2 BS IV - 2013,"4,10,199","1,54,104 kms ",Petrol,2013,Maruti
Maruti Suzuki Alto K10 Vxi - 2016,"2,97,299","61,826 kms ",Petrol,2016,Maruti
Tata Nexon - 2018,"9,80,199","44,751 kms ",Diesel,2018,Tata
Honda Jazz - 2019,"7,94,299","5,183 kms ",Petrol,2019,Honda
Maruti Suzuki Swift Dzire Vdi BS IV - 2012,"4,11,899","1,36,082 kms ",Diesel,2012,Maruti
Maruti Suzuki Celerio Vxi O AMT - 2019,"5,57,399","5,817 kms ",Petrol,2019,Maruti
Hyundai Creta - 2015,"8,96,099","99,138 kms ",Diesel,2015,Hyundai
Honda Jazz - 2016,"6,37,699","27,936 kms ",Petrol,2016,Honda
Maruti Suzuki Alto 800 Lxi - 2014,"2,54,499","39,845 kms ",Petrol,2014,Maruti
Maruti Suzuki Eeco - 2019,"4,57,699","15,615 kms ",Petrol,2019,Maruti
Honda Brio - 2012,"3,61,599","53,158 kms ",Petrol,2012,Honda
Maruti Suzuki Baleno - 2019,"6,75,799","16,002 kms ",Petrol,2019,Maruti
Maruti Suzuki Wagon R 1.0 Vxi - 2015,"3,89,499","31,133 kms ",Petrol,2015,Maruti
Maruti Suzuki Baleno - 2016,"6,25,599","20,172 kms ",Petrol,2016,Maruti
Volkswagen Polo - 2013,"6,86,999","69,653 kms ",Petrol,2013,Volkswagen
Maruti Suzuki Celerio ZXi AMT - 2015,"4,25,000","75,000 kms ",Petrol,2015,Maruti
Renault Pulse RxL ABS Diesel - 2012,"3,50,000","1,32,000 kms ",Diesel,2012,Renault
Skoda Rapid 1.5 TDI CR Ambition with Alloy Wheels - 2014,"5,60,000","84,000 kms ",Diesel,2014,Skoda
Maruti Suzuki SX4 VXI BS IV - 2007,"2,50,000","1,47,000 kms ",Petrol,2007,Maruti
Hyundai Santro GLS - 2008,"90,000","61,000 kms ",Petrol,2008,Hyundai
Hyundai i10 Era - 2012,"2,00,000","56,000 kms ",Petrol,2012,Hyundai
Mahindra KUV100 K4 D 5 STR - 2018,"3,25,000","1,08,000 kms ",Diesel,2018,Mahindra
Hyundai i20 Era 1.2 - 2018,"6,20,000","55,000 kms ",Diesel,2018,Hyundai
Volkswagen Ameo Comfortline 1.2L - 2017,"5,19,699","26,023 kms ",Petrol,2017,Volkswagen
Maruti Suzuki Alto 800 Lxi - 2018,"3,24,599","19,805 kms ",Petrol,2018,Maruti
Maruti Suzuki Alto K10 Vxi - 2017,"3,40,199","41,365 kms ",Petrol,2017,Maruti
Ford Ecosport - 2017,"6,93,999","90,001 kms ",Diesel,2017,Ford
Hyundai EON Era Plus - 2016,"3,10,999","45,285 kms ",Petrol,2016,Hyundai
Maruti Suzuki Ciaz ZXI - 2016,"7,22,199","42,441 kms ",Petrol,2016,Maruti
Maruti Suzuki Celerio - 2016,"4,85,099","24,342 kms ",Petrol,2016,Maruti
Maruti Suzuki Dzire Vxi - 2017,"6,14,999","14,308 kms ",Petrol,2017,Maruti
Maruti Suzuki Vitara Brezza - 2018,"10,61,399","32,456 kms ",Diesel,2018,Maruti
Maruti Suzuki S Cross - 2018,"8,79,699","58,448 kms ",Diesel,2018,Maruti
Maruti Suzuki Ertiga VDi SHVS - 2016,"7,55,199","86,576 kms ",Diesel,2016,Maruti
Ford Ecosport - 2018,"8,16,399","50,421 kms ",Petrol,2018,Ford
Maruti Suzuki Eeco - 2017,"4,14,299","26,035 kms ",Petrol,2017,Maruti
Tata Tiago - 2018,"4,76,299","23,499 kms ",Petrol,2018,Tata
Maruti Suzuki Baleno - 2016,"5,72,599","25,636 kms ",Petrol,2016,Maruti
Kia Seltos - 2019,"16,44,799","15,023 kms ",Petrol,2019,Kia
Mahindra Jeep CL550 MDI - 2020,"4,40,000",250 kms ,Diesel,2020,Mahindra
Volkswagen Vento Highline Petrol AT - 2015,"5,75,000","66,000 kms ",Petrol,2015,Volkswagen
Toyota Innova 2.5 GX 7 STR BS IV - 2015,"8,80,000","85,000 kms ",Diesel,2015,Toyota
Kia Carnival - 2020,"15,00,000","50,000 kms ",Diesel,2020,Kia
Hyundai Creta - 2021,"10,00,000","12,000 kms ",Petrol,2021,Hyundai
Chevrolet Beat - 2011,"86,000","56,000 kms ",Petrol,2011,Chevrolet
Maruti Suzuki Wagon R - 2010,"89,000","53,000 kms ",Petrol,2010,Maruti
Tata Nano CNG emax LX - 2014,"90,000","28,000 kms ",Petrol,2014,Tata
Maruti Suzuki Alto K10 Vxi - 2015,"3,52,199","22,584 kms ",Petrol,2015,Maruti
Maruti Suzuki Baleno - 2017,"5,66,899","22,394 kms ",Petrol,2017,Maruti
Maruti Suzuki Dzire VDI AMT - 2017,"6,50,699","93,563 kms ",Diesel,2017,Maruti
Maruti Suzuki Eeco - 2017,"4,13,399","10,537 kms ",Petrol,2017,Maruti
Ford Ecosport - 2016,"6,45,799","81,515 kms ",Diesel,2016,Ford
Jeep Compass - 2017,"15,51,499","24,676 kms ",Diesel,2017,Jeep
Maruti Suzuki Alto 800 Lxi - 2017,"3,33,699","11,917 kms ",Petrol,2017,Maruti
Maruti Suzuki Ertiga VDi SHVS - 2016,"8,11,799","69,654 kms ",Diesel,2016,Maruti
Maruti Suzuki Alto K10 Vxi O AMT - 2017,"4,06,899","16,226 kms ",Petrol,2017,Maruti
Ford Ecosport - 2018,"7,27,299","8,925 kms ",Petrol,2018,Ford
Honda Jazz - 2016,"6,57,399","27,819 kms ",Petrol,2016,Honda
Hyundai Grand i10 Sportz 1.2 Kappa VTVT - 2020,"6,37,599","26,543 kms ",Petrol,2020,Hyundai
Maruti Suzuki Dzire Vxi - 2017,"6,23,799","90,088 kms ",Petrol,2017,Maruti
Maruti Suzuki Eeco - 2018,"4,22,899","34,258 kms ",Petrol,2018,Maruti
Hyundai i20 Active 1.2 S - 2015,"5,76,099","1,01,744 kms ",Petrol,2015,Hyundai
Jeep Compass - 2019,"19,87,699","19,830 kms ",Petrol,2019,Jeep
Ford Ikon - 2007,"39,000","73,000 kms ",Petrol,2007,Ford
Hyundai Grand i10 Sportz U2 1.2 CRDi - 2019,"4,75,000","38,000 kms ",Diesel,2019,Hyundai
Mahindra XUV 500 W6 - 2012,"4,50,000","87,500 kms ",Diesel,2012,Mahindra
Maruti Suzuki Ertiga VDi - 2014,"6,50,000","91,000 kms ",Diesel,2014,Maruti
Maruti Suzuki Ritz VDi - 2012,"3,26,000","76,000 kms ",Diesel,2012,Maruti
Tata Indica Vista Aqua Quadrajet BS IV - 2011,"1,70,000","80,000 kms ",Diesel,2011,Tata
Maruti Suzuki Eeco 5 STR WITH HTR CNG - 2013,"2,50,000","70,000 kms ",CNG,2013,Maruti
Maruti Suzuki Alto Std BS IV - 2007,"88,000","85,000 kms ",Petrol,2007,Maruti
MG Motors Hector - 2019,"16,52,199","13,636 kms ",Petrol,2019,MG
Hyundai Venue - 2019,"12,17,499","21,393 kms ",Petrol,2019,Hyundai
Hyundai Creta - 2017,"11,98,299","76,915 kms ",Diesel,2017,Hyundai
Hyundai Grand i10 Sportz 1.2 Kappa VTVT - 2018,"5,90,799","16,300 kms ",Petrol,2018,Hyundai
Hyundai Elite i20 - 2019,"8,44,999","40,106 kms ",Diesel,2019,Hyundai
Renault Kwid RXT - 2015,"3,28,499","66,461 kms ",Petrol,2015,Renault
Hyundai Creta - 2016,"7,69,599","48,182 kms ",Petrol,2016,Hyundai
Hyundai Elite i20 - 2017,"6,54,299","41,816 kms ",Petrol,2017,Hyundai
Hyundai i20 - 2012,"3,95,699","73,841 kms ",Petrol,2012,Hyundai
Renault Kwid RxL - 2016,"2,94,799","19,908 kms ",Petrol,2016,Renault
Hyundai Elite i20 Era 1.2 - 2018,"5,34,499","26,226 kms ",Petrol,2018,Hyundai
Maruti Suzuki Baleno - 2016,"6,81,399","43,287 kms ",Petrol,2016,Maruti
Datsun Redi GO - 2018,"4,15,699","26,527 kms ",Petrol,2018,Datsun
Maruti Suzuki Alto 800 Vxi - 2017,"3,00,199","37,801 kms ",Petrol,2017,Maruti
Maruti Suzuki Vitara Brezza - 2017,"8,56,699","54,044 kms ",Diesel,2017,Maruti
Ford Figo Aspire - 2017,"4,81,399","29,632 kms ",Petrol,2017,Ford
Mahindra Xylo D2 BS IV - 2009,"3,75,000","1,15,000 kms ",Diesel,2009,Mahindra
Maruti Suzuki Eeco 5 STR - 2020,"5,25,000","13,000 kms ",Petrol,2020,Maruti
Maruti Suzuki Swift VDi ABS - 2018,"5,50,000","42,000 kms ",Diesel,2018,Maruti
Hyundai i10 Magna 1.2 - 2014,"2,29,000","65,000 kms ",Petrol,2014,Hyundai
Maruti Suzuki Alto K10 LXi CNG - 2014,"2,75,000","60,000 kms ",Petrol,2014,Maruti
Jeep Compass Limited 2.0 Diesel - 2017,"17,50,000","31,000 kms ",Diesel,2017,Jeep
Jeep Compass Limited 2.0 Diesel - 2017,"17,50,000","31,000 kms ",Diesel,2017,Jeep
Jeep Compass Limited 2.0 Diesel - 2017,"17,50,000","31,000 kms ",Diesel,2017,Jeep
